Workbook

Sheet RESUMO
B1: 050.24 - LAR DE S. JORGE, GMR
D2: MEDIÇÃO R01 (DWFx 22128.ES.EXE.PD.R00) | H2: CONFORME MQT E CCS | P2: MQT − MEDIÇÃO
B3: ARTIGO | C3: DESCRITIVO | D3: BETÃO (m3 ou m2) | E3: AÇO s/ EMP. (kg) | F3: AÇO c/ EMP. (kg) | G3: COFRAGEM (m2) | H3: BETÃO (m3 ou m2) | I3: AÇO (kg) | J3: COFRAGEM (m2) | L3: AÇO s/emp. x N4 (kg) | P3: BETÃO (m3 ou m2) | Q3: AÇO (kg) | R3: COFRAGEM (m2) | T3: BETÃO MODELO BIM (m3) | U3: OBSERVAÇÕES
B4: 20.2.1.1.1 | C4: Sapatas Contínuas | N4: 1.1
B5: 20.2.1.1.1.1 | C5: (Zona E) | D5: =SUMIF(FUNDAÇÕES!$AO:$AO,"E",FUNDAÇÕES!$G:$G) -> 8.3755 | E5: =SUMIF(FUNDAÇÕES!$AO:$AO,"E",FUNDAÇÕES!$AP:$AP) -> 500.68992 | F5: =E5+SUMIF(FUNDAÇÕES!$AO:$AO,"E",FUNDAÇÕES!$AQ:$AQ) -> 500.68992 | G5: =SUMIF(FUNDAÇÕES!$AO:$AO,"E",FUNDAÇÕES!$I:$I) -> 18.55 | H5: 8.377 | I5: 783 | J5: 16.01 | L5: =E5*$N$4 -> 550.75891 | P5: =IF(ISNUMBER(H5),H5-D5,"") -> 0.0015 | Q5: =IF(ISNUMBER(I5),I5-F5,"") -> 282.31008 | R5: =IF(ISNUMBER(J5),J5-G5,"") -> -2.54 | T5: =SUMIF(FUNDAÇÕES!$AO:$AO,"E",FUNDAÇÕES!$AR:$AR) -> 8.3755 | U5: SMS1.1 a SMS1.4 (ES0401). Volume = modelo; armadura conforme det. 3-5.
B6: 20.2.1.1.2 | C6: Sapatas Isoladas
B7: 20.2.1.1.2.1 | C7: (Zona A) | D7: =SUMIF(FUNDAÇÕES!$AO:$AO,"A",FUNDAÇÕES!$G:$G) -> 10.694 | E7: =SUMIF(FUNDAÇÕES!$AO:$AO,"A",FUNDAÇÕES!$AP:$AP) -> 1525.218 | F7: =E7+SUMIF(FUNDAÇÕES!$AO:$AO,"A",FUNDAÇÕES!$AQ:$AQ) -> 1540.9236 | G7: =SUMIF(FUNDAÇÕES!$AO:$AO,"A",FUNDAÇÕES!$I:$I) -> 23.79 | H7: 10.694 | I7: 1294 | J7: 25.26 | L7: =E7*$N$4 -> 1677.7398 | P7: =IF(ISNUMBER(H7),H7-D7,"") -> 0 | Q7: =IF(ISNUMBER(I7),I7-F7,"") -> -246.9236 | R7: =IF(ISNUMBER(J7),J7-G7,"") -> 1.47 | T7: =SUMIF(FUNDAÇÕES!$AO:$AO,"A",FUNDAÇÕES!$AR:$AR) -> 10.499 | U7: S6-S11 (ES0101). S10 medida com H=0.60 do quadro (modelo tem 0.50). Inclui esperas dos pilares.
B8: 20.2.1.1.2.2 | C8: (Zona B) | D8: =SUMIF(FUNDAÇÕES!$AO:$AO,"B",FUNDAÇÕES!$G:$G) -> 7.105 | E8: =SUMIF(FUNDAÇÕES!$AO:$AO,"B",FUNDAÇÕES!$AP:$AP) -> 1114.26 | F8: =E8+SUMIF(FUNDAÇÕES!$AO:$AO,"B",FUNDAÇÕES!$AQ:$AQ) -> 1133.4408 | G8: =SUMIF(FUNDAÇÕES!$AO:$AO,"B",FUNDAÇÕES!$I:$I) -> 22.6 | H8: 7.105 | I8: 860 | J8: 16.79 | L8: =E8*$N$4 -> 1225.686 | P8: =IF(ISNUMBER(H8),H8-D8,"") -> 0 | Q8: =IF(ISNUMBER(I8),I8-F8,"") -> -273.4408 | R8: =IF(ISNUMBER(J8),J8-G8,"") -> -5.81 | T8: =SUMIF(FUNDAÇÕES!$AO:$AO,"B",FUNDAÇÕES!$AR:$AR) -> 7.105 | U8: S1 x5 e S5 x4 (ES0201). Inclui esperas.
B9: 20.2.1.1.2.3 | C9: (Zona C) | D9: =SUMIF(FUNDAÇÕES!$AO:$AO,"C",FUNDAÇÕES!$G:$G) -> 16.576 | E9: =SUMIF(FUNDAÇÕES!$AO:$AO,"C",FUNDAÇÕES!$AP:$AP) -> 1472.5824 | F9: =E9+SUMIF(FUNDAÇÕES!$AO:$AO,"C",FUNDAÇÕES!$AQ:$AQ) -> 1507.7472 | G9: =SUMIF(FUNDAÇÕES!$AO:$AO,"C",FUNDAÇÕES!$I:$I) -> 44.72 | H9: 16.576 | I9: 2006 | J9: 39.16 | L9: =E9*$N$4 -> 1619.8406 | P9: =IF(ISNUMBER(H9),H9-D9,"") -> 0 | Q9: =IF(ISNUMBER(I9),I9-F9,"") -> 498.2528 | R9: =IF(ISNUMBER(J9),J9-G9,"") -> -5.56 | T9: =SUMIF(FUNDAÇÕES!$AO:$AO,"C",FUNDAÇÕES!$AR:$AR) -> 16.576 | U9: S2 x4, S3 x9, S4 x2 (ES0301). Inclui esperas.
B10: 20.2.1.1.2.4 | C10: (Zona D) | D10: =SUMIF(FUNDAÇÕES!$AO:$AO,"D",FUNDAÇÕES!$G:$G) -> 0.605 | E10: =SUMIF(FUNDAÇÕES!$AO:$AO,"D",FUNDAÇÕES!$AP:$AP) -> 61.248 | F10: =E10+SUMIF(FUNDAÇÕES!$AO:$AO,"D",FUNDAÇÕES!$AQ:$AQ) -> 61.248 | G10: =SUMIF(FUNDAÇÕES!$AO:$AO,"D",FUNDAÇÕES!$I:$I) -> 2.2 | H10: 0.605 | I10: 73 | J10: 1.43 | L10: =E10*$N$4 -> 67.3728 | P10: =IF(ISNUMBER(H10),H10-D10,"") -> 0 | Q10: =IF(ISNUMBER(I10),I10-F10,"") -> 11.752 | R10: =IF(ISNUMBER(J10),J10-G10,"") -> -0.77 | T10: =SUMIF(FUNDAÇÕES!$AO:$AO,"D",FUNDAÇÕES!$AR:$AR) -> 0.605 | U10: SE1 (ES0401 rotula como Zona E).
B11: 20.2.1.1.2.5 | C11: (Zona F) | D11: =SUMIF(FUNDAÇÕES!$AO:$AO,"F",FUNDAÇÕES!$G:$G) -> 4.3155 | E11: =SUMIF(FUNDAÇÕES!$AO:$AO,"F",FUNDAÇÕES!$AP:$AP) -> 264.32208 | F11: =E11+SUMIF(FUNDAÇÕES!$AO:$AO,"F",FUNDAÇÕES!$AQ:$AQ) -> 264.32208 | G11: =SUMIF(FUNDAÇÕES!$AO:$AO,"F",FUNDAÇÕES!$I:$I) -> 5.89 | H11: 4.316 | I11: 522 | J11: 10.2 | L11: =E11*$N$4 -> 290.75429 | P11: =IF(ISNUMBER(H11),H11-D11,"") -> 0.0005 | Q11: =IF(ISNUMBER(I11),I11-F11,"") -> 257.67792 | R11: =IF(ISNUMBER(J11),J11-G11,"") -> 4.31 | T11: =SUMIF(FUNDAÇÕES!$AO:$AO,"F",FUNDAÇÕES!$AR:$AR) -> 4.3155 | U11: Ensoleiramento LMFelev 3.15x2.74x0.50 (ES0501).
B12: 20.2.1.1.3 | C12: Vigas de Equilíbrio e Vigas Lintel de Fundação
B13: 20.2.1.1.3.1 | C13: (Zona B) | D13: =SUMIF('VIGAS DE FUNDAÇÃO'!$AO:$AO,"B",'VIGAS DE FUNDAÇÃO'!$G:$G) -> 1.828 | E13: =SUMIF('VIGAS DE FUNDAÇÃO'!$AO:$AO,"B",'VIGAS DE FUNDAÇÃO'!$AP:$AP) -> 395.322 | F13: =E13+SUMIF('VIGAS DE FUNDAÇÃO'!$AO:$AO,"B",'VIGAS DE FUNDAÇÃO'!$AQ:$AQ) -> 395.322 | G13: =SUMIF('VIGAS DE FUNDAÇÃO'!$AO:$AO,"B",'VIGAS DE FUNDAÇÃO'!$I:$I) -> 9.14 | H13: 1.84 | I13: 223 | J13: 16.42 | L13: =E13*$N$4 -> 434.8542 | P13: =IF(ISNUMBER(H13),H13-D13,"") -> 0.012 | Q13: =IF(ISNUMBER(I13),I13-F13,"") -> -172.322 | R13: =IF(ISNUMBER(J13),J13-G13,"") -> 7.28 | T13: =SUMIF('VIGAS DE FUNDAÇÃO'!$AO:$AO,"B",'VIGAS DE FUNDAÇÃO'!$AR:$AR) -> 1.828 | U13: VE1 x2 (ES0201).
B14: 20.2.1.1.3.2 | C14: (Zona C) | D14: =SUMIF('VIGAS DE FUNDAÇÃO'!$AO:$AO,"C",'VIGAS DE FUNDAÇÃO'!$G:$G) -> 5.2944 | E14: =SUMIF('VIGAS DE FUNDAÇÃO'!$AO:$AO,"C",'VIGAS DE FUNDAÇÃO'!$AP:$AP) -> 768.7063 | F14: =E14+SUMIF('VIGAS DE FUNDAÇÃO'!$AO:$AO,"C",'VIGAS DE FUNDAÇÃO'!$AQ:$AQ) -> 768.7063 | G14: =SUMIF('VIGAS DE FUNDAÇÃO'!$AO:$AO,"C",'VIGAS DE FUNDAÇÃO'!$I:$I) -> 44.12 | H14: 5.371 | I14: 650 | J14: 47.94 | L14: =E14*$N$4 -> 845.57693 | P14: =IF(ISNUMBER(H14),H14-D14,"") -> 0.0766 | Q14: =IF(ISNUMBER(I14),I14-F14,"") -> -118.7063 | R14: =IF(ISNUMBER(J14),J14-G14,"") -> 3.82 | T14: =SUMIF('VIGAS DE FUNDAÇÃO'!$AO:$AO,"C",'VIGAS DE FUNDAÇÃO'!$AR:$AR) -> 5.2944 | U14: VL1 - 11 tramos (ES0302).
B15: 20.2.1.2.1 | C15: Limpeza
B16: 20.2.1.2.1.1 | C16: (Zona A) | D16: =SUMIF('BETÃO DE LIMPEZA '!$AO:$AO,"A",'BETÃO DE LIMPEZA '!$I:$I) -> 22.265 | E16: - | G16: - | H16: 22.265 | I16: - | J16: - | P16: =IF(ISNUMBER(H16),H16-D16,"") -> 0 | U16: Área (m2) com sobrelargura 0.05 m/lado.
B17: 20.2.1.2.1.2 | C17: (Zona B) | D17: =SUMIF('BETÃO DE LIMPEZA '!$AO:$AO,"B",'BETÃO DE LIMPEZA '!$I:$I) -> 16.45 | E17: - | G17: - | H17: 16.48 | I17: - | J17: - | P17: =IF(ISNUMBER(H17),H17-D17,"") -> 0.03 | U17: Inclui VE1; exclui S5 sobre poços PF1 (PB7, PB9).
B18: 20.2.1.2.1.3 | C18: (Zona C) | D18: =SUMIF('BETÃO DE LIMPEZA '!$AO:$AO,"C",'BETÃO DE LIMPEZA '!$I:$I) -> 50.655598 | E18: - | G18: - | H18: 49.688 | I18: - | J18: - | P18: =IF(ISNUMBER(H18),H18-D18,"") -> -0.967598 | U18: Inclui VL1.
B19: 20.2.1.2.1.4 | C19: (Zona D) | D19: =SUMIF('BETÃO DE LIMPEZA '!$AO:$AO,"D",'BETÃO DE LIMPEZA '!$I:$I) -> 1.44 | E19: - | G19: - | H19: 1.21 | I19: - | J19: - | P19: =IF(ISNUMBER(H19),H19-D19,"") -> -0.23 | U19: SE1.
B20: 20.2.1.2.1.5 | C20: (Zona E) | D20: =SUMIF('BETÃO DE LIMPEZA '!$AO:$AO,"E",'BETÃO DE LIMPEZA '!$I:$I) -> 19.46575 | E20: - | G20: - | H20: 19.14 | I20: - | J20: - | P20: =IF(ISNUMBER(H20),H20-D20,"") -> -0.32575 | U20: SMS1.1-1.4.
B21: 20.2.1.2.1.6 | C21: (Zona F) | D21: =SUMIF('BETÃO DE LIMPEZA '!$AO:$AO,"F",'BETÃO DE LIMPEZA '!$I:$I) -> 9.23 | E21: - | G21: - | H21: 9.07 | I21: - | J21: - | P21: =IF(ISNUMBER(H21),H21-D21,"") -> -0.16 | U21: LMFelev.
B22: 20.2.1.3.1 | C22: Poços de Fundação
B23: 20.2.1.3.1.1 | C23: (Zona B) | D23: =SUMIF('POÇOS DE FUNDAÇÃO'!$AO:$AO,"B",'POÇOS DE FUNDAÇÃO'!$G:$G) -> 20.35752 | E23: - | G23: - | H23: 25.34 | I23: - | J23: - | P23: =IF(ISNUMBER(H23),H23-D23,"") -> 4.9824796 | T23: =SUMIF('POÇOS DE FUNDAÇÃO'!$AO:$AO,"B",'POÇOS DE FUNDAÇÃO'!$AR:$AR) -> 20.3574 | U23: MQT 25.34 m3 vs geometria 4xπx0.6²x4.50 = 20.36 m3 (ver DISCREPÂNCIAS).
B24: 20.3.1.2.1.1 | C24: Muros de Suporte de Betão Armado à Vista
B25: 20.3.1.2.1.1.1 | C25: (Zona E) | D25: =SUMIF('PAREDE BETÃO'!$AO:$AO,"E",'PAREDE BETÃO'!$G:$G) -> 5.256375 | E25: =SUMIF('PAREDE BETÃO'!$AO:$AO,"E",'PAREDE BETÃO'!$AP:$AP) -> 806.16231 | F25: =E25+SUMIF('PAREDE BETÃO'!$AO:$AO,"E",'PAREDE BETÃO'!$AQ:$AQ) -> 806.16231 | G25: =SUMIF('PAREDE BETÃO'!$AO:$AO,"E",'PAREDE BETÃO'!$I:$I) -> 42.051 | H25: 5.257 | I25: 694 | J25: 44.1588 | L25: =E25*$N$4 -> 886.77854 | P25: =IF(ISNUMBER(H25),H25-D25,"") -> 0.000625 | Q25: =IF(ISNUMBER(I25),I25-F25,"") -> -112.16231 | R25: =IF(ISNUMBER(J25),J25-G25,"") -> 2.1078 | T25: =SUMIF('PAREDE BETÃO'!$AO:$AO,"E",'PAREDE BETÃO'!$AR:$AR) -> 5.2564 | U25: MS1.1-MS1.4: área de face do modelo x 0.25; cofragem 2 faces.
B26: 20.4.1.1.1.1 | C26: Lajes Maciças
B27: 20.4.1.1.1.1.1 | C27: (Zona A) | D27: =SUMIF(LAJES!$AO:$AO,"A",LAJES!$G:$G) -> 10.18438 | E27: =SUMIF(LAJES!$AO:$AO,"A",LAJES!$AP:$AP) -> 1418.0981 | F27: =E27+SUMIF(LAJES!$AO:$AO,"A",LAJES!$AQ:$AQ) -> 1418.0981 | G27: =SUMIF(LAJES!$AO:$AO,"A",LAJES!$I:$I) -> 50.9219 | H27: 10.17 | I27: 1846 | J27: 53.39 | L27: =E27*$N$4 -> 1559.9079 | P27: =IF(ISNUMBER(H27),H27-D27,"") -> -0.01438 | Q27: =IF(ISNUMBER(I27),I27-F27,"") -> 427.90189 | R27: =IF(ISNUMBER(J27),J27-G27,"") -> 2.4681 | T27: =SUMIF(LAJES!$AO:$AO,"A",LAJES!$AR:$AR) -> 10.1844
B28: 20.4.1.1.1.1.2 | C28: (Zona B) | D28: =SUMIF(LAJES!$AO:$AO,"B",LAJES!$G:$G) -> 21.70084 | E28: =SUMIF(LAJES!$AO:$AO,"B",LAJES!$AP:$AP) -> 4119.1851 | F28: =E28+SUMIF(LAJES!$AO:$AO,"B",LAJES!$AQ:$AQ) -> 4119.1851 | G28: =SUMIF(LAJES!$AO:$AO,"B",LAJES!$I:$I) -> 108.5042 | H28: 21.71 | I28: 4299 | J28: 113.98 | L28: =E28*$N$4 -> 4531.1036 | P28: =IF(ISNUMBER(H28),H28-D28,"") -> 0.00916 | Q28: =IF(ISNUMBER(I28),I28-F28,"") -> 179.81486 | R28: =IF(ISNUMBER(J28),J28-G28,"") -> 5.4758 | T28: =SUMIF(LAJES!$AO:$AO,"B",LAJES!$AR:$AR) -> 21.7008
B29: 20.4.1.1.1.1.3 | C29: (Zona C) | D29: =SUMIF(LAJES!$AO:$AO,"C",LAJES!$G:$G) -> 5.51284 | E29: =SUMIF(LAJES!$AO:$AO,"C",LAJES!$AP:$AP) -> 512.87116 | F29: =E29+SUMIF(LAJES!$AO:$AO,"C",LAJES!$AQ:$AQ) -> 512.87116 | G29: =SUMIF(LAJES!$AO:$AO,"C",LAJES!$I:$I) -> 27.5642 | H29: 5.515 | I29: 1092 | J29: 28.95 | L29: =E29*$N$4 -> 564.15828 | P29: =IF(ISNUMBER(H29),H29-D29,"") -> 0.00216 | Q29: =IF(ISNUMBER(I29),I29-F29,"") -> 579.12884 | R29: =IF(ISNUMBER(J29),J29-G29,"") -> 1.3858 | T29: =SUMIF(LAJES!$AO:$AO,"C",LAJES!$AR:$AR) -> 5.5128
B30: 20.4.1.1.1.1.4 | C30: (Zona D) | D30: =SUMIF(LAJES!$AO:$AO,"D",LAJES!$G:$G) -> 0.818 | E30: =SUMIF(LAJES!$AO:$AO,"D",LAJES!$AP:$AP) -> 55.784533 | F30: =E30+SUMIF(LAJES!$AO:$AO,"D",LAJES!$AQ:$AQ) -> 55.784533 | G30: =SUMIF(LAJES!$AO:$AO,"D",LAJES!$I:$I) -> 5.29 | H30: 0.818 | I30: 162 | J30: 4.29 | L30: =E30*$N$4 -> 61.362987 | P30: =IF(ISNUMBER(H30),H30-D30,"") -> 0 | Q30: =IF(ISNUMBER(I30),I30-F30,"") -> 106.21547 | R30: =IF(ISNUMBER(J30),J30-G30,"") -> -1 | T30: =SUMIF(LAJES!$AO:$AO,"D",LAJES!$AR:$AR) -> 0.818
B31: 20.4.1.1.1.1.5 | C31: (Zona F) | D31: =SUMIF(LAJES!$AO:$AO,"F",LAJES!$G:$G) -> 0.6897 | E31: =SUMIF(LAJES!$AO:$AO,"F",LAJES!$AP:$AP) -> 75.61952 | F31: =E31+SUMIF(LAJES!$AO:$AO,"F",LAJES!$AQ:$AQ) -> 75.61952 | G31: =SUMIF(LAJES!$AO:$AO,"F",LAJES!$I:$I) -> 3.4485 | H31: 0.69 | I31: 137 | J31: 3.62 | L31: =E31*$N$4 -> 83.181472 | P31: =IF(ISNUMBER(H31),H31-D31,"") -> 0.0003 | Q31: =IF(ISNUMBER(I31),I31-F31,"") -> 61.38048 | R31: =IF(ISNUMBER(J31),J31-G31,"") -> 0.1715 | T31: =SUMIF(LAJES!$AO:$AO,"F",LAJES!$AR:$AR) -> 0.6897
B32: 20.4.1.1.2 | C32: Muretes
B33: 6.4.1.1.2.1 | C33: (Zona F) | D33: =SUMIF(MURETES!$AO:$AO,"F",MURETES!$G:$G) -> 0.2302 | E33: =SUMIF(MURETES!$AO:$AO,"F",MURETES!$AP:$AP) -> 35.118929 | F33: =E33+SUMIF(MURETES!$AO:$AO,"F",MURETES!$AQ:$AQ) -> 35.118929 | G33: =SUMIF(MURETES!$AO:$AO,"F",MURETES!$I:$I) -> 3.0693333 | H33: 0.23 | I33: 46 | J33: 2.9 | L33: =E33*$N$4 -> 38.630822 | P33: =IF(ISNUMBER(H33),H33-D33,"") -> -0.0002 | Q33: =IF(ISNUMBER(I33),I33-F33,"") -> 10.881071 | R33: =IF(ISNUMBER(J33),J33-G33,"") -> -0.16933333 | T33: =SUMIF(MURETES!$AO:$AO,"F",MURETES!$AR:$AR) -> 0.2302 | U33: Código do artigo "6.4.1.1.2.1" mantido do original (provável 20.4.1.1.2.1).
B34: 20.4.1.1.3 | C34: Paredes
B35: 20.4.1.1.3.1 | C35: (Zona F) | D35: =SUMIF(PAREDES!$AO:$AO,"F1",PAREDES!$G:$G) -> 12.06235 | E35: =SUMIF(PAREDES!$AO:$AO,"F1",PAREDES!$AP:$AP) -> 1070.6608 | F35: =E35+SUMIF(PAREDES!$AO:$AO,"F1",PAREDES!$AQ:$AQ) -> 1070.6608 | G35: =SUMIF(PAREDES!$AO:$AO,"F1",PAREDES!$I:$I) -> 96.4988 | H35: 12.06 | I35: 2388 | J35: 126.63 | L35: =E35*$N$4 -> 1177.7269 | P35: =IF(ISNUMBER(H35),H35-D35,"") -> -0.00235 | Q35: =IF(ISNUMBER(I35),I35-F35,"") -> 1317.3392 | R35: =IF(ISNUMBER(J35),J35-G35,"") -> 30.1312 | T35: =SUMIF(PAREDES!$AO:$AO,"F1",PAREDES!$AR:$AR) -> 12.0624 | U35: NUCelev 0.25 x2.
B36: 20.4.1.1.3.2 | C36: (Zona F) | D36: =SUMIF(PAREDES!$AO:$AO,"F2",PAREDES!$G:$G) -> 1.02588 | E36: =SUMIF(PAREDES!$AO:$AO,"F2",PAREDES!$AP:$AP) -> 173.15995 | F36: =E36+SUMIF(PAREDES!$AO:$AO,"F2",PAREDES!$AQ:$AQ) -> 173.15995 | G36: =SUMIF(PAREDES!$AO:$AO,"F2",PAREDES!$I:$I) -> 6.8392 | H36: 1.026 | I36: 203 | J36: 10.77 | L36: =E36*$N$4 -> 190.47594 | P36: =IF(ISNUMBER(H36),H36-D36,"") -> 0.00012 | Q36: =IF(ISNUMBER(I36),I36-F36,"") -> 29.840054 | R36: =IF(ISNUMBER(J36),J36-G36,"") -> 3.9308 | T36: =SUMIF(PAREDES!$AO:$AO,"F2",PAREDES!$AR:$AR) -> 1.0259 | U36: NUCelev 0.15 (cofragem 1 face).
B37: 20.4.1.1.4 | C37: Pilares
B38: 20.4.1.1.4.1 | C38: (Zona A) | D38: =SUMIF(PILARES!$AO:$AO,"A",PILARES!$G:$G) -> 4.450325 | E38: =SUMIF(PILARES!$AO:$AO,"A",PILARES!$AP:$AP) -> 1043.7505 | F38: =E38+SUMIF(PILARES!$AO:$AO,"A",PILARES!$AQ:$AQ) -> 1152.2545 | G38: =SUMIF(PILARES!$AO:$AO,"A",PILARES!$I:$I) -> 71.35 | H38: 4.533 | I38: 1072 | J38: 61.88 | L38: =E38*$N$4 -> 1148.1255 | P38: =IF(ISNUMBER(H38),H38-D38,"") -> 0.082675 | Q38: =IF(ISNUMBER(I38),I38-F38,"") -> -80.25448 | R38: =IF(ISNUMBER(J38),J38-G38,"") -> -9.47 | T38: =SUMIF(PILARES!$AO:$AO,"A",PILARES!$AR:$AR) -> 4.4502 | U38: Exclui "Pexistente" (pilar existente modelado).
B39: 20.4.1.1.4.2 | C39: (Zona B) | D39: =SUMIF(PILARES!$AO:$AO,"B",PILARES!$G:$G) -> 2.9947825 | E39: =SUMIF(PILARES!$AO:$AO,"B",PILARES!$AP:$AP) -> 738.86079 | F39: =E39+SUMIF(PILARES!$AO:$AO,"B",PILARES!$AQ:$AQ) -> 798.04479 | G39: =SUMIF(PILARES!$AO:$AO,"B",PILARES!$I:$I) -> 45.925 | H39: 2.994 | I39: 708 | J39: 40.87 | L39: =E39*$N$4 -> 812.74687 | P39: =IF(ISNUMBER(H39),H39-D39,"") -> -0.0007825 | Q39: =IF(ISNUMBER(I39),I39-F39,"") -> -90.044792 | R39: =IF(ISNUMBER(J39),J39-G39,"") -> -5.055 | T39: =SUMIF(PILARES!$AO:$AO,"B",PILARES!$AR:$AR) -> 2.9344
B40: 20.4.1.1.4.3 | C40: (Zona C) | D40: =SUMIF(PILARES!$AO:$AO,"C",PILARES!$G:$G) -> 4.70376 | E40: =SUMIF(PILARES!$AO:$AO,"C",PILARES!$AP:$AP) -> 1175.7199 | F40: =E40+SUMIF(PILARES!$AO:$AO,"C",PILARES!$AQ:$AQ) -> 1175.7199 | G40: =SUMIF(PILARES!$AO:$AO,"C",PILARES!$I:$I) -> 64.758 | H40: 4.751 | I40: 1124 | J40: 64.85 | L40: =E40*$N$4 -> 1293.2919 | P40: =IF(ISNUMBER(H40),H40-D40,"") -> 0.04724 | Q40: =IF(ISNUMBER(I40),I40-F40,"") -> -51.719893 | R40: =IF(ISNUMBER(J40),J40-G40,"") -> 0.092 | T40: =SUMIF(PILARES!$AO:$AO,"C",PILARES!$AR:$AR) -> 4.704
B41: 20.4.1.1.4.4 | C41: (Zona D) | D41: =SUMIF(PILARES!$AO:$AO,"D",PILARES!$G:$G) -> 0.32355 | E41: =SUMIF(PILARES!$AO:$AO,"D",PILARES!$AP:$AP) -> 40.11264 | F41: =E41+SUMIF(PILARES!$AO:$AO,"D",PILARES!$AQ:$AQ) -> 40.11264 | G41: =SUMIF(PILARES!$AO:$AO,"D",PILARES!$I:$I) -> 4.314 | H41: 0.324 | I41: 77 | J41: 4.42 | L41: =E41*$N$4 -> 44.123904 | P41: =IF(ISNUMBER(H41),H41-D41,"") -> 0.00045 | Q41: =IF(ISNUMBER(I41),I41-F41,"") -> 36.88736 | R41: =IF(ISNUMBER(J41),J41-G41,"") -> 0.106 | T41: =SUMIF(PILARES!$AO:$AO,"D",PILARES!$AR:$AR) -> 0.3235 | U41: PE1 (ES0401 rotula como Zona E).
B42: 20.4.1.1.4.5 | C42: (Zona G) | D42: =SUMIF(PILARES!$AO:$AO,"G",PILARES!$G:$G) -> 0.513024 | E42: =SUMIF(PILARES!$AO:$AO,"G",PILARES!$AP:$AP) -> 56.272461 | F42: =E42+SUMIF(PILARES!$AO:$AO,"G",PILARES!$AQ:$AQ) -> 56.272461 | G42: =SUMIF(PILARES!$AO:$AO,"G",PILARES!$I:$I) -> 10.26048 | H42: 0.514 | I42: 122 | J42: 7.02 | L42: =E42*$N$4 -> 61.899707 | P42: =IF(ISNUMBER(H42),H42-D42,"") -> 0.000976 | Q42: =IF(ISNUMBER(I42),I42-F42,"") -> 65.727539 | R42: =IF(ISNUMBER(J42),J42-G42,"") -> -3.24048 | T42: =SUMIF(PILARES!$AO:$AO,"G",PILARES!$AR:$AR) -> 0.513 | U42: PT 0.20x0.20 x8 (ES0601).
B43: 20.4.1.1.5 | C43: Vigas e Platibandas
B44: 20.4.1.1.5.1 | C44: (Zona A) | D44: =SUMIF('VIGAS E PLATIBANDAS'!$AO:$AO,"A",'VIGAS E PLATIBANDAS'!$G:$G) -> 8.8618 | E44: =SUMIF('VIGAS E PLATIBANDAS'!$AO:$AO,"A",'VIGAS E PLATIBANDAS'!$AP:$AP) -> 1478.7568 | F44: =E44+SUMIF('VIGAS E PLATIBANDAS'!$AO:$AO,"A",'VIGAS E PLATIBANDAS'!$AQ:$AQ) -> 1478.7568 | G44: =SUMIF('VIGAS E PLATIBANDAS'!$AO:$AO,"A",'VIGAS E PLATIBANDAS'!$I:$I) -> 69.043669 | H44: 8.802 | I44: 1307 | J44: 50.83 | L44: =E44*$N$4 -> 1626.6325 | P44: =IF(ISNUMBER(H44),H44-D44,"") -> -0.0598 | Q44: =IF(ISNUMBER(I44),I44-F44,"") -> -171.75679 | R44: =IF(ISNUMBER(J44),J44-G44,"") -> -18.213669 | T44: =SUMIF('VIGAS E PLATIBANDAS'!$AO:$AO,"A",'VIGAS E PLATIBANDAS'!$AR:$AR) -> 8.8618
B45: 20.4.1.1.5.2 | C45: (Zona B) | D45: =SUMIF('VIGAS E PLATIBANDAS'!$AO:$AO,"B",'VIGAS E PLATIBANDAS'!$G:$G) -> 5.16 | E45: =SUMIF('VIGAS E PLATIBANDAS'!$AO:$AO,"B",'VIGAS E PLATIBANDAS'!$AP:$AP) -> 793.06152 | F45: =E45+SUMIF('VIGAS E PLATIBANDAS'!$AO:$AO,"B",'VIGAS E PLATIBANDAS'!$AQ:$AQ) -> 793.06152 | G45: =SUMIF('VIGAS E PLATIBANDAS'!$AO:$AO,"B",'VIGAS E PLATIBANDAS'!$I:$I) -> 42.076 | H45: 5.16 | I45: 766 | J45: 29.8 | L45: =E45*$N$4 -> 872.36767 | P45: =IF(ISNUMBER(H45),H45-D45,"") -> 0 | Q45: =IF(ISNUMBER(I45),I45-F45,"") -> -27.06152 | R45: =IF(ISNUMBER(J45),J45-G45,"") -> -12.276 | T45: =SUMIF('VIGAS E PLATIBANDAS'!$AO:$AO,"B",'VIGAS E PLATIBANDAS'!$AR:$AR) -> 5.16
B46: 20.4.1.1.5.3 | C46: (Zona C) | D46: =SUMIF('VIGAS E PLATIBANDAS'!$AO:$AO,"C",'VIGAS E PLATIBANDAS'!$G:$G) -> 10.8416 | E46: =SUMIF('VIGAS E PLATIBANDAS'!$AO:$AO,"C",'VIGAS E PLATIBANDAS'!$AP:$AP) -> 1231.2498 | F46: =E46+SUMIF('VIGAS E PLATIBANDAS'!$AO:$AO,"C",'VIGAS E PLATIBANDAS'!$AQ:$AQ) -> 1241.1138 | G46: =SUMIF('VIGAS E PLATIBANDAS'!$AO:$AO,"C",'VIGAS E PLATIBANDAS'!$I:$I) -> 85.31175 | H46: 10.757 | I46: 1597 | J46: 62.12 | L46: =E46*$N$4 -> 1354.3748 | P46: =IF(ISNUMBER(H46),H46-D46,"") -> -0.0846 | Q46: =IF(ISNUMBER(I46),I46-F46,"") -> 355.88618 | R46: =IF(ISNUMBER(J46),J46-G46,"") -> -23.19175 | T46: =SUMIF('VIGAS E PLATIBANDAS'!$AO:$AO,"C",'VIGAS E PLATIBANDAS'!$AR:$AR) -> 10.8416
B47: 20.4.1.1.5.4 | C47: (Zona F) | D47: =SUMIF('VIGAS E PLATIBANDAS'!$AO:$AO,"F",'VIGAS E PLATIBANDAS'!$G:$G) -> 0.7152 | E47: =SUMIF('VIGAS E PLATIBANDAS'!$AO:$AO,"F",'VIGAS E PLATIBANDAS'!$AP:$AP) -> 86.42464 | F47: =E47+SUMIF('VIGAS E PLATIBANDAS'!$AO:$AO,"F",'VIGAS E PLATIBANDAS'!$AQ:$AQ) -> 86.42464 | G47: =SUMIF('VIGAS E PLATIBANDAS'!$AO:$AO,"F",'VIGAS E PLATIBANDAS'!$I:$I) -> 9.9484599 | H47: 0.715 | I47: 106 | J47: 4.13 | L47: =E47*$N$4 -> 95.067104 | P47: =IF(ISNUMBER(H47),H47-D47,"") -> -0.0002 | Q47: =IF(ISNUMBER(I47),I47-F47,"") -> 19.57536 | R47: =IF(ISNUMBER(J47),J47-G47,"") -> -5.8184599 | T47: =SUMIF('VIGAS E PLATIBANDAS'!$AO:$AO,"F",'VIGAS E PLATIBANDAS'!$AR:$AR) -> 0.7152
B48: 20.4.1.1.5.5 | C48: (Zona G) | D48: =SUMIF('VIGAS E PLATIBANDAS'!$AO:$AO,"G",'VIGAS E PLATIBANDAS'!$G:$G) -> 1.6516 | E48: =SUMIF('VIGAS E PLATIBANDAS'!$AO:$AO,"G",'VIGAS E PLATIBANDAS'!$AP:$AP) -> 159.45811 | F48: =E48+SUMIF('VIGAS E PLATIBANDAS'!$AO:$AO,"G",'VIGAS E PLATIBANDAS'!$AQ:$AQ) -> 160.69211 | G48: =SUMIF('VIGAS E PLATIBANDAS'!$AO:$AO,"G",'VIGAS E PLATIBANDAS'!$I:$I) -> 16.516 | H48: 1.499 | I48: 223 | J48: 8.66 | L48: =E48*$N$4 -> 175.40392 | P48: =IF(ISNUMBER(H48),H48-D48,"") -> -0.1526 | Q48: =IF(ISNUMBER(I48),I48-F48,"") -> 62.307893 | R48: =IF(ISNUMBER(J48),J48-G48,"") -> -7.856 | T48: =SUMIF('VIGAS E PLATIBANDAS'!$AO:$AO,"G",'VIGAS E PLATIBANDAS'!$AR:$AR) -> 1.6516 | U48: VT 0.20x0.20 - 9 tramos (ES0601).
B49: 20.4.1.2.1.1 | C49: Lajes Aligeiradas
B50: 20.4.1.2.1.1.1 | C50: (Zona C) | D50: =SUMIF('LAJES ALIGEIRADAS'!$AO:$AO,"C",'LAJES ALIGEIRADAS'!$D:$D) -> 48.9568 | E50: =SUMIF('LAJES ALIGEIRADAS'!$AO:$AO,"C",'LAJES ALIGEIRADAS'!$AP:$AP) -> 205.79906 | F50: =E50+SUMIF('LAJES ALIGEIRADAS'!$AO:$AO,"C",'LAJES ALIGEIRADAS'!$AQ:$AQ) -> 205.79906 | G50: - | H50: 50 | I50: 89 | J50: - | L50: =E50*$N$4 -> 226.37897 | P50: =IF(ISNUMBER(H50),H50-D50,"") -> 1.0432 | Q50: =IF(ISNUMBER(I50),I50-F50,"") -> -116.79906 | U50: D = área (m2); aço inclui malhasol AR46 (peso a confirmar).
C51: TOTAIS (betão em m3) = | D51: =D5+D7+D8+D9+D10+D11+D13+D14+D23+D25+D27+D28+D29+D30+D31+D33+D35+D36+D38+D39+D40+D41+D42+D44+D45+D46+D47+D48 -> 172.84713 | E51: =SUM(E4:E50) -> 21378.475 | F51: =SUM(F4:F50) -> 21627.313 | G51: =SUM(G4:G50) -> 934.70049 | H51: =H5+H7+H8+H9+H10+H11+H13+H14+H23+H25+H27+H28+H29+H30+H31+H33+H35+H36+H38+H39+H40+H41+H42+H44+H45+H46+H47+H48 -> 177.749 | I51: =SUM(I4:I50) -> 24469 | J51: =SUM(J4:J50) -> 896.4788 | L51: =SUM(L4:L50) -> 23516.323 | P51: =H51-D51 -> 4.9018731 | Q51: =I51-F51 -> 2841.6874 | R51: =J51-G51 -> -38.221693 | T51: =T5+T7+T8+T9+T10+T11+T13+T14+T23+T25+T27+T28+T29+T30+T31+T33+T35+T36+T38+T39+T40+T41+T42+T44+T45+T46+T47+T48 -> 172.5917
C52: Betão de limpeza (m2) = | D52: =SUM(D16:D21) -> 119.50635 | H52: =SUM(H16:H21) -> 117.853 | P52: =H52-D52 -> -1.653348
C53: Lajes aligeiradas (m2) = | D53: =D50 -> 48.9568 | H53: =H50 -> 50 | P53: =H53-D53 -> 1.0432
C55: Notas: E = aço sem empalmes; F = aço incluindo empalmes/sobreposições (50Ø); L = E x N4 (critério anterior). P/Q/R = MQT − medição (valor negativo = medição superior ao MQT). Ver folhas CRITÉRIOS E FONTES e DISCREPÂNCIAS.

Sheet BETÃO DE LIMPEZA 
E1: MEDIÇÕES DE BETÃO ARMADO | S1: Obra: | T1: 050.24 - LAR DE S. JORGE, GMR | W1: Executou:
S2: Local: | T2: Pevidém, Guimarães | W2: Data: | X2: =TODAY() -> 46325
A4: ARTº | B4: Designação | C4: BETÃO | I4: ÁREA | K4: AÇO SEM EMPALMES | R4: DIÃMETROS | AA4: AÇO EMPALMES | AF4: DIÃMETROS | AN4: REDE ELECTROS. | AO4: ZONA | AP4: AÇO s/ EMP. (kg) | AQ4: AÇO EMP. (kg) | AR4: BETÃO MODELO BIM (m3) | AS4: FONTE / OBSERVAÇÕES | AT4: ESTADO
C5: Nº | D5: C (BX) | E5: L (BY) | F5: H | G5: BETÃO LIMPEZA M3 | I5: (m2) | K5: Designação | L5: L | M5: P | N5: Nº (PI) | O5: QUANT. | P5: Ø | Q5: COMP. | R5: Ø 6 | S5: Ø 8 | T5: Ø 10 | U5: Ø 12 | V5: Ø 16 | W5: Ø 20 | X5: Ø 25 | Y5: Ø 32 | AA5: Nº (PI) | AB5: nº varões | AC5: nº empalmes | AD5: ɸ | AE5: Ø | AF5: Ø 6 | AG5: Ø 8 | AH5: Ø 10 | AI5: Ø 12 | AJ5: Ø 16 | AK5: Ø 20 | AL5: Ø 25 | AM5: Ø 32 | AN5: (kg)
B6: ZONA A - BETÃO DE LIMPEZA C16/20 (e=0.10; sobrelargura 0.05 m por lado)
B7: S6 (PA1, PA2) | C7: 1 | D7: =2.4+2*0.05 -> 2.5 | E7: =2.8+2*0.05 -> 2.9 | F7: 0.1 | G7: =C7*D7*E7*F7 -> 0.725 | I7: =C7*D7*E7 -> 7.25 | R7: =IF(P7=6,N7*O7*Q7*0.222*1,IF(P7>6,"",IF(P7<6,""))) | S7: =IF(P7=8,N7*O7*Q7*0.395*1,IF(P7>8,"",IF(P7<8,""))) | T7: =IF(P7=10,N7*O7*Q7*0.617*1,IF(P7>10,"",IF(P7<10,""))) | U7: =IF(P7=12,N7*O7*Q7*0.888*1,IF(P7>12,"",IF(P7<12,""))) | V7: =IF(P7=16,N7*O7*Q7*1.578*1,IF(P7>16,"",IF(P7<16,""))) | W7: =IF(P7=20,N7*O7*Q7*2.466*1,IF(P7>20,"",IF(P7<20,""))) | X7: =IF(P7=25,N7*O7*Q7*3.853*1,IF(P7>25,"",IF(P7<25,""))) | Y7: =IF(P7=32,N7*O7*Q7*6.313*1,IF(P7>32,"",IF(P7<32,""))) | AA7: =IF(AC7>0,N7,"") | AB7: =IF(AC7>0,O7,"") | AE7: =IF(AC7>0,P7,"") | AF7: =IF(AE7=6,AA7*AB7*AC7*AD7*(AE7/1000)*0.222*1,IF(AE7>6,"",IF(AE7<6,""))) | AG7: =IF(AE7=8,AA7*AB7*AC7*AD7*(AE7/1000)*0.395*1,IF(AE7>8,"",IF(AE7<8,""))) | AH7: =IF(AE7=10,AA7*AB7*AC7*AD7*(AE7/1000)*0.617*1,IF(AE7>10,"",IF(AE7<10,""))) | AI7: =IF(AE7=12,AA7*AB7*AC7*AD7*(AE7/1000)*0.888*1,IF(AE7>12,"",IF(AE7<12,""))) | AJ7: =IF(AE7=16,AA7*AB7*AC7*AD7*(AE7/1000)*1.578*1,IF(AE7>16,"",IF(AE7<16,""))) | AK7: =IF(AE7=20,AA7*AB7*AC7*AD7*(AE7/1000)*2.466*1,IF(AE7>20,"",IF(AE7<20,""))) | AL7: =IF(AE7=25,AA7*AB7*AC7*AD7*(AE7/1000)*3.853*1,IF(AE7>25,"",IF(AE7<25,""))) | AM7: =IF(AE7=32,AA7*AB7*AC7*AD7*(AE7/1000)*6.313*1,IF(AE7>32,"",IF(AE7<32,""))) | AO7: A | AP7: =SUM(R7:Y7)+SUM(AN7) -> 0 | AQ7: =SUM(AF7:AM7) -> 0 | AS7: ES0101 pormenor tipo de sapatas (5 cm por lado, 10 cm) | AT7: Calculado
B8: S7 (PA4, PA5) | C8: 1 | D8: =1.5+2*0.05 -> 1.6 | E8: =2.7+2*0.05 -> 2.8 | F8: 0.1 | G8: =C8*D8*E8*F8 -> 0.448 | I8: =C8*D8*E8 -> 4.48 | R8: =IF(P8=6,N8*O8*Q8*0.222*1,IF(P8>6,"",IF(P8<6,""))) | S8: =IF(P8=8,N8*O8*Q8*0.395*1,IF(P8>8,"",IF(P8<8,""))) | T8: =IF(P8=10,N8*O8*Q8*0.617*1,IF(P8>10,"",IF(P8<10,""))) | U8: =IF(P8=12,N8*O8*Q8*0.888*1,IF(P8>12,"",IF(P8<12,""))) | V8: =IF(P8=16,N8*O8*Q8*1.578*1,IF(P8>16,"",IF(P8<16,""))) | W8: =IF(P8=20,N8*O8*Q8*2.466*1,IF(P8>20,"",IF(P8<20,""))) | X8: =IF(P8=25,N8*O8*Q8*3.853*1,IF(P8>25,"",IF(P8<25,""))) | Y8: =IF(P8=32,N8*O8*Q8*6.313*1,IF(P8>32,"",IF(P8<32,""))) | AA8: =IF(AC8>0,N8,"") | AB8: =IF(AC8>0,O8,"") | AE8: =IF(AC8>0,P8,"") | AF8: =IF(AE8=6,AA8*AB8*AC8*AD8*(AE8/1000)*0.222*1,IF(AE8>6,"",IF(AE8<6,""))) | AG8: =IF(AE8=8,AA8*AB8*AC8*AD8*(AE8/1000)*0.395*1,IF(AE8>8,"",IF(AE8<8,""))) | AH8: =IF(AE8=10,AA8*AB8*AC8*AD8*(AE8/1000)*0.617*1,IF(AE8>10,"",IF(AE8<10,""))) | AI8: =IF(AE8=12,AA8*AB8*AC8*AD8*(AE8/1000)*0.888*1,IF(AE8>12,"",IF(AE8<12,""))) | AJ8: =IF(AE8=16,AA8*AB8*AC8*AD8*(AE8/1000)*1.578*1,IF(AE8>16,"",IF(AE8<16,""))) | AK8: =IF(AE8=20,AA8*AB8*AC8*AD8*(AE8/1000)*2.466*1,IF(AE8>20,"",IF(AE8<20,""))) | AL8: =IF(AE8=25,AA8*AB8*AC8*AD8*(AE8/1000)*3.853*1,IF(AE8>25,"",IF(AE8<25,""))) | AM8: =IF(AE8=32,AA8*AB8*AC8*AD8*(AE8/1000)*6.313*1,IF(AE8>32,"",IF(AE8<32,""))) | AO8: A | AP8: =SUM(R8:Y8)+SUM(AN8) -> 0 | AQ8: =SUM(AF8:AM8) -> 0 | AS8: ES0101 pormenor tipo de sapatas (5 cm por lado, 10 cm) | AT8: Calculado
B9: S8 (PA7, PA8) | C9: 1 | D9: =1+2*0.05 -> 1.1 | E9: =2.35+2*0.05 -> 2.45 | F9: 0.1 | G9: =C9*D9*E9*F9 -> 0.2695 | I9: =C9*D9*E9 -> 2.695 | R9: =IF(P9=6,N9*O9*Q9*0.222*1,IF(P9>6,"",IF(P9<6,""))) | S9: =IF(P9=8,N9*O9*Q9*0.395*1,IF(P9>8,"",IF(P9<8,""))) | T9: =IF(P9=10,N9*O9*Q9*0.617*1,IF(P9>10,"",IF(P9<10,""))) | U9: =IF(P9=12,N9*O9*Q9*0.888*1,IF(P9>12,"",IF(P9<12,""))) | V9: =IF(P9=16,N9*O9*Q9*1.578*1,IF(P9>16,"",IF(P9<16,""))) | W9: =IF(P9=20,N9*O9*Q9*2.466*1,IF(P9>20,"",IF(P9<20,""))) | X9: =IF(P9=25,N9*O9*Q9*3.853*1,IF(P9>25,"",IF(P9<25,""))) | Y9: =IF(P9=32,N9*O9*Q9*6.313*1,IF(P9>32,"",IF(P9<32,""))) | AA9: =IF(AC9>0,N9,"") | AB9: =IF(AC9>0,O9,"") | AE9: =IF(AC9>0,P9,"") | AF9: =IF(AE9=6,AA9*AB9*AC9*AD9*(AE9/1000)*0.222*1,IF(AE9>6,"",IF(AE9<6,""))) | AG9: =IF(AE9=8,AA9*AB9*AC9*AD9*(AE9/1000)*0.395*1,IF(AE9>8,"",IF(AE9<8,""))) | AH9: =IF(AE9=10,AA9*AB9*AC9*AD9*(AE9/1000)*0.617*1,IF(AE9>10,"",IF(AE9<10,""))) | AI9: =IF(AE9=12,AA9*AB9*AC9*AD9*(AE9/1000)*0.888*1,IF(AE9>12,"",IF(AE9<12,""))) | AJ9: =IF(AE9=16,AA9*AB9*AC9*AD9*(AE9/1000)*1.578*1,IF(AE9>16,"",IF(AE9<16,""))) | AK9: =IF(AE9=20,AA9*AB9*AC9*AD9*(AE9/1000)*2.466*1,IF(AE9>20,"",IF(AE9<20,""))) | AL9: =IF(AE9=25,AA9*AB9*AC9*AD9*(AE9/1000)*3.853*1,IF(AE9>25,"",IF(AE9<25,""))) | AM9: =IF(AE9=32,AA9*AB9*AC9*AD9*(AE9/1000)*6.313*1,IF(AE9>32,"",IF(AE9<32,""))) | AO9: A | AP9: =SUM(R9:Y9)+SUM(AN9) -> 0 | AQ9: =SUM(AF9:AM9) -> 0 | AS9: ES0101 pormenor tipo de sapatas (5 cm por lado, 10 cm) | AT9: Calculado
B10: S9 (PA9) | C10: 1 | D10: =1.3+2*0.05 -> 1.4 | E10: =1.3+2*0.05 -> 1.4 | F10: 0.1 | G10: =C10*D10*E10*F10 -> 0.196 | I10: =C10*D10*E10 -> 1.96 | R10: =IF(P10=6,N10*O10*Q10*0.222*1,IF(P10>6,"",IF(P10<6,""))) | S10: =IF(P10=8,N10*O10*Q10*0.395*1,IF(P10>8,"",IF(P10<8,""))) | T10: =IF(P10=10,N10*O10*Q10*0.617*1,IF(P10>10,"",IF(P10<10,""))) | U10: =IF(P10=12,N10*O10*Q10*0.888*1,IF(P10>12,"",IF(P10<12,""))) | V10: =IF(P10=16,N10*O10*Q10*1.578*1,IF(P10>16,"",IF(P10<16,""))) | W10: =IF(P10=20,N10*O10*Q10*2.466*1,IF(P10>20,"",IF(P10<20,""))) | X10: =IF(P10=25,N10*O10*Q10*3.853*1,IF(P10>25,"",IF(P10<25,""))) | Y10: =IF(P10=32,N10*O10*Q10*6.313*1,IF(P10>32,"",IF(P10<32,""))) | AA10: =IF(AC10>0,N10,"") | AB10: =IF(AC10>0,O10,"") | AE10: =IF(AC10>0,P10,"") | AF10: =IF(AE10=6,AA10*AB10*AC10*AD10*(AE10/1000)*0.222*1,IF(AE10>6,"",IF(AE10<6,""))) | AG10: =IF(AE10=8,AA10*AB10*AC10*AD10*(AE10/1000)*0.395*1,IF(AE10>8,"",IF(AE10<8,""))) | AH10: =IF(AE10=10,AA10*AB10*AC10*AD10*(AE10/1000)*0.617*1,IF(AE10>10,"",IF(AE10<10,""))) | AI10: =IF(AE10=12,AA10*AB10*AC10*AD10*(AE10/1000)*0.888*1,IF(AE10>12,"",IF(AE10<12,""))) | AJ10: =IF(AE10=16,AA10*AB10*AC10*AD10*(AE10/1000)*1.578*1,IF(AE10>16,"",IF(AE10<16,""))) | AK10: =IF(AE10=20,AA10*AB10*AC10*AD10*(AE10/1000)*2.466*1,IF(AE10>20,"",IF(AE10<20,""))) | AL10: =IF(AE10=25,AA10*AB10*AC10*AD10*(AE10/1000)*3.853*1,IF(AE10>25,"",IF(AE10<25,""))) | AM10: =IF(AE10=32,AA10*AB10*AC10*AD10*(AE10/1000)*6.313*1,IF(AE10>32,"",IF(AE10<32,""))) | AO10: A | AP10: =SUM(R10:Y10)+SUM(AN10) -> 0 | AQ10: =SUM(AF10:AM10) -> 0 | AS10: ES0101 pormenor tipo de sapatas (5 cm por lado, 10 cm) | AT10: Calculado
B11: S10 (PA10) | C11: 1 | D11: =1.5+2*0.05 -> 1.6 | E11: =1.3+2*0.05 -> 1.4 | F11: 0.1 | G11: =C11*D11*E11*F11 -> 0.224 | I11: =C11*D11*E11 -> 2.24 | R11: =IF(P11=6,N11*O11*Q11*0.222*1,IF(P11>6,"",IF(P11<6,""))) | S11: =IF(P11=8,N11*O11*Q11*0.395*1,IF(P11>8,"",IF(P11<8,""))) | T11: =IF(P11=10,N11*O11*Q11*0.617*1,IF(P11>10,"",IF(P11<10,""))) | U11: =IF(P11=12,N11*O11*Q11*0.888*1,IF(P11>12,"",IF(P11<12,""))) | V11: =IF(P11=16,N11*O11*Q11*1.578*1,IF(P11>16,"",IF(P11<16,""))) | W11: =IF(P11=20,N11*O11*Q11*2.466*1,IF(P11>20,"",IF(P11<20,""))) | X11: =IF(P11=25,N11*O11*Q11*3.853*1,IF(P11>25,"",IF(P11<25,""))) | Y11: =IF(P11=32,N11*O11*Q11*6.313*1,IF(P11>32,"",IF(P11<32,""))) | AA11: =IF(AC11>0,N11,"") | AB11: =IF(AC11>0,O11,"") | AE11: =IF(AC11>0,P11,"") | AF11: =IF(AE11=6,AA11*AB11*AC11*AD11*(AE11/1000)*0.222*1,IF(AE11>6,"",IF(AE11<6,""))) | AG11: =IF(AE11=8,AA11*AB11*AC11*AD11*(AE11/1000)*0.395*1,IF(AE11>8,"",IF(AE11<8,""))) | AH11: =IF(AE11=10,AA11*AB11*AC11*AD11*(AE11/1000)*0.617*1,IF(AE11>10,"",IF(AE11<10,""))) | AI11: =IF(AE11=12,AA11*AB11*AC11*AD11*(AE11/1000)*0.888*1,IF(AE11>12,"",IF(AE11<12,""))) | AJ11: =IF(AE11=16,AA11*AB11*AC11*AD11*(AE11/1000)*1.578*1,IF(AE11>16,"",IF(AE11<16,""))) | AK11: =IF(AE11=20,AA11*AB11*AC11*AD11*(AE11/1000)*2.466*1,IF(AE11>20,"",IF(AE11<20,""))) | AL11: =IF(AE11=25,AA11*AB11*AC11*AD11*(AE11/1000)*3.853*1,IF(AE11>25,"",IF(AE11<25,""))) | AM11: =IF(AE11=32,AA11*AB11*AC11*AD11*(AE11/1000)*6.313*1,IF(AE11>32,"",IF(AE11<32,""))) | AO11: A | AP11: =SUM(R11:Y11)+SUM(AN11) -> 0 | AQ11: =SUM(AF11:AM11) -> 0 | AS11: ES0101 pormenor tipo de sapatas (5 cm por lado, 10 cm) | AT11: Calculado
B12: S11 (PA11, PA12) | C12: 1 | D12: =2.5+2*0.05 -> 2.6 | E12: =1.3+2*0.05 -> 1.4 | F12: 0.1 | G12: =C12*D12*E12*F12 -> 0.364 | I12: =C12*D12*E12 -> 3.64 | R12: =IF(P12=6,N12*O12*Q12*0.222*1,IF(P12>6,"",IF(P12<6,""))) | S12: =IF(P12=8,N12*O12*Q12*0.395*1,IF(P12>8,"",IF(P12<8,""))) | T12: =IF(P12=10,N12*O12*Q12*0.617*1,IF(P12>10,"",IF(P12<10,""))) | U12: =IF(P12=12,N12*O12*Q12*0.888*1,IF(P12>12,"",IF(P12<12,""))) | V12: =IF(P12=16,N12*O12*Q12*1.578*1,IF(P12>16,"",IF(P12<16,""))) | W12: =IF(P12=20,N12*O12*Q12*2.466*1,IF(P12>20,"",IF(P12<20,""))) | X12: =IF(P12=25,N12*O12*Q12*3.853*1,IF(P12>25,"",IF(P12<25,""))) | Y12: =IF(P12=32,N12*O12*Q12*6.313*1,IF(P12>32,"",IF(P12<32,""))) | AA12: =IF(AC12>0,N12,"") | AB12: =IF(AC12>0,O12,"") | AE12: =IF(AC12>0,P12,"") | AF12: =IF(AE12=6,AA12*AB12*AC12*AD12*(AE12/1000)*0.222*1,IF(AE12>6,"",IF(AE12<6,""))) | AG12: =IF(AE12=8,AA12*AB12*AC12*AD12*(AE12/1000)*0.395*1,IF(AE12>8,"",IF(AE12<8,""))) | AH12: =IF(AE12=10,AA12*AB12*AC12*AD12*(AE12/1000)*0.617*1,IF(AE12>10,"",IF(AE12<10,""))) | AI12: =IF(AE12=12,AA12*AB12*AC12*AD12*(AE12/1000)*0.888*1,IF(AE12>12,"",IF(AE12<12,""))) | AJ12: =IF(AE12=16,AA12*AB12*AC12*AD12*(AE12/1000)*1.578*1,IF(AE12>16,"",IF(AE12<16,""))) | AK12: =IF(AE12=20,AA12*AB12*AC12*AD12*(AE12/1000)*2.466*1,IF(AE12>20,"",IF(AE12<20,""))) | AL12: =IF(AE12=25,AA12*AB12*AC12*AD12*(AE12/1000)*3.853*1,IF(AE12>25,"",IF(AE12<25,""))) | AM12: =IF(AE12=32,AA12*AB12*AC12*AD12*(AE12/1000)*6.313*1,IF(AE12>32,"",IF(AE12<32,""))) | AO12: A | AP12: =SUM(R12:Y12)+SUM(AN12) -> 0 | AQ12: =SUM(AF12:AM12) -> 0 | AS12: ES0101 pormenor tipo de sapatas (5 cm por lado, 10 cm) | AT12: Calculado
B13: ZONA B - BETÃO DE LIMPEZA C16/20 (e=0.10; sobrelargura 0.05 m por lado)
B14: S1 (PB1 a PB5) | C14: 5 | D14: =1.1+2*0.05 -> 1.2 | E14: =1.1+2*0.05 -> 1.2 | F14: 0.1 | G14: =C14*D14*E14*F14 -> 0.72 | I14: =C14*D14*E14 -> 7.2 | R14: =IF(P14=6,N14*O14*Q14*0.222*1,IF(P14>6,"",IF(P14<6,""))) | S14: =IF(P14=8,N14*O14*Q14*0.395*1,IF(P14>8,"",IF(P14<8,""))) | T14: =IF(P14=10,N14*O14*Q14*0.617*1,IF(P14>10,"",IF(P14<10,""))) | U14: =IF(P14=12,N14*O14*Q14*0.888*1,IF(P14>12,"",IF(P14<12,""))) | V14: =IF(P14=16,N14*O14*Q14*1.578*1,IF(P14>16,"",IF(P14<16,""))) | W14: =IF(P14=20,N14*O14*Q14*2.466*1,IF(P14>20,"",IF(P14<20,""))) | X14: =IF(P14=25,N14*O14*Q14*3.853*1,IF(P14>25,"",IF(P14<25,""))) | Y14: =IF(P14=32,N14*O14*Q14*6.313*1,IF(P14>32,"",IF(P14<32,""))) | AA14: =IF(AC14>0,N14,"") | AB14: =IF(AC14>0,O14,"") | AE14: =IF(AC14>0,P14,"") | AF14: =IF(AE14=6,AA14*AB14*AC14*AD14*(AE14/1000)*0.222*1,IF(AE14>6,"",IF(AE14<6,""))) | AG14: =IF(AE14=8,AA14*AB14*AC14*AD14*(AE14/1000)*0.395*1,IF(AE14>8,"",IF(AE14<8,""))) | AH14: =IF(AE14=10,AA14*AB14*AC14*AD14*(AE14/1000)*0.617*1,IF(AE14>10,"",IF(AE14<10,""))) | AI14: =IF(AE14=12,AA14*AB14*AC14*AD14*(AE14/1000)*0.888*1,IF(AE14>12,"",IF(AE14<12,""))) | AJ14: =IF(AE14=16,AA14*AB14*AC14*AD14*(AE14/1000)*1.578*1,IF(AE14>16,"",IF(AE14<16,""))) | AK14: =IF(AE14=20,AA14*AB14*AC14*AD14*(AE14/1000)*2.466*1,IF(AE14>20,"",IF(AE14<20,""))) | AL14: =IF(AE14=25,AA14*AB14*AC14*AD14*(AE14/1000)*3.853*1,IF(AE14>25,"",IF(AE14<25,""))) | AM14: =IF(AE14=32,AA14*AB14*AC14*AD14*(AE14/1000)*6.313*1,IF(AE14>32,"",IF(AE14<32,""))) | AO14: B | AP14: =SUM(R14:Y14)+SUM(AN14) -> 0 | AQ14: =SUM(AF14:AM14) -> 0 | AS14: ES0101 pormenor tipo de sapatas (5 cm por lado, 10 cm) | AT14: Calculado
B15: S5 sob PB6 e PB8 (PB7/PB9 assentam nos poços PF1) | C15: 2 | D15: =1.7+2*0.05 -> 1.8 | E15: =1.2+2*0.05 -> 1.3 | F15: 0.1 | G15: =C15*D15*E15*F15 -> 0.468 | I15: =C15*D15*E15 -> 4.68 | R15: =IF(P15=6,N15*O15*Q15*0.222*1,IF(P15>6,"",IF(P15<6,""))) | S15: =IF(P15=8,N15*O15*Q15*0.395*1,IF(P15>8,"",IF(P15<8,""))) | T15: =IF(P15=10,N15*O15*Q15*0.617*1,IF(P15>10,"",IF(P15<10,""))) | U15: =IF(P15=12,N15*O15*Q15*0.888*1,IF(P15>12,"",IF(P15<12,""))) | V15: =IF(P15=16,N15*O15*Q15*1.578*1,IF(P15>16,"",IF(P15<16,""))) | W15: =IF(P15=20,N15*O15*Q15*2.466*1,IF(P15>20,"",IF(P15<20,""))) | X15: =IF(P15=25,N15*O15*Q15*3.853*1,IF(P15>25,"",IF(P15<25,""))) | Y15: =IF(P15=32,N15*O15*Q15*6.313*1,IF(P15>32,"",IF(P15<32,""))) | AA15: =IF(AC15>0,N15,"") | AB15: =IF(AC15>0,O15,"") | AE15: =IF(AC15>0,P15,"") | AF15: =IF(AE15=6,AA15*AB15*AC15*AD15*(AE15/1000)*0.222*1,IF(AE15>6,"",IF(AE15<6,""))) | AG15: =IF(AE15=8,AA15*AB15*AC15*AD15*(AE15/1000)*0.395*1,IF(AE15>8,"",IF(AE15<8,""))) | AH15: =IF(AE15=10,AA15*AB15*AC15*AD15*(AE15/1000)*0.617*1,IF(AE15>10,"",IF(AE15<10,""))) | AI15: =IF(AE15=12,AA15*AB15*AC15*AD15*(AE15/1000)*0.888*1,IF(AE15>12,"",IF(AE15<12,""))) | AJ15: =IF(AE15=16,AA15*AB15*AC15*AD15*(AE15/1000)*1.578*1,IF(AE15>16,"",IF(AE15<16,""))) | AK15: =IF(AE15=20,AA15*AB15*AC15*AD15*(AE15/1000)*2.466*1,IF(AE15>20,"",IF(AE15<20,""))) | AL15: =IF(AE15=25,AA15*AB15*AC15*AD15*(AE15/1000)*3.853*1,IF(AE15>25,"",IF(AE15<25,""))) | AM15: =IF(AE15=32,AA15*AB15*AC15*AD15*(AE15/1000)*6.313*1,IF(AE15>32,"",IF(AE15<32,""))) | AO15: B | AP15: =SUM(R15:Y15)+SUM(AN15) -> 0 | AQ15: =SUM(AF15:AM15) -> 0 | AS15: ES0201 pormenor de poços: sapata sobre betão ciclópico sem betão de limpeza | AT15: Interpretado
B16: VE1 (b+0.10) x Lcut | C16: 2 | D16: =0.4+2*0.05 -> 0.5 | E16: 4.57 | F16: 0.1 | G16: =C16*D16*E16*F16 -> 0.457 | I16: =C16*D16*E16 -> 4.57 | R16: =IF(P16=6,N16*O16*Q16*0.222*1,IF(P16>6,"",IF(P16<6,""))) | S16: =IF(P16=8,N16*O16*Q16*0.395*1,IF(P16>8,"",IF(P16<8,""))) | T16: =IF(P16=10,N16*O16*Q16*0.617*1,IF(P16>10,"",IF(P16<10,""))) | U16: =IF(P16=12,N16*O16*Q16*0.888*1,IF(P16>12,"",IF(P16<12,""))) | V16: =IF(P16=16,N16*O16*Q16*1.578*1,IF(P16>16,"",IF(P16<16,""))) | W16: =IF(P16=20,N16*O16*Q16*2.466*1,IF(P16>20,"",IF(P16<20,""))) | X16: =IF(P16=25,N16*O16*Q16*3.853*1,IF(P16>25,"",IF(P16<25,""))) | Y16: =IF(P16=32,N16*O16*Q16*6.313*1,IF(P16>32,"",IF(P16<32,""))) | AA16: =IF(AC16>0,N16,"") | AB16: =IF(AC16>0,O16,"") | AE16: =IF(AC16>0,P16,"") | AF16: =IF(AE16=6,AA16*AB16*AC16*AD16*(AE16/1000)*0.222*1,IF(AE16>6,"",IF(AE16<6,""))) | AG16: =IF(AE16=8,AA16*AB16*AC16*AD16*(AE16/1000)*0.395*1,IF(AE16>8,"",IF(AE16<8,""))) | AH16: =IF(AE16=10,AA16*AB16*AC16*AD16*(AE16/1000)*0.617*1,IF(AE16>10,"",IF(AE16<10,""))) | AI16: =IF(AE16=12,AA16*AB16*AC16*AD16*(AE16/1000)*0.888*1,IF(AE16>12,"",IF(AE16<12,""))) | AJ16: =IF(AE16=16,AA16*AB16*AC16*AD16*(AE16/1000)*1.578*1,IF(AE16>16,"",IF(AE16<16,""))) | AK16: =IF(AE16=20,AA16*AB16*AC16*AD16*(AE16/1000)*2.466*1,IF(AE16>20,"",IF(AE16<20,""))) | AL16: =IF(AE16=25,AA16*AB16*AC16*AD16*(AE16/1000)*3.853*1,IF(AE16>25,"",IF(AE16<25,""))) | AM16: =IF(AE16=32,AA16*AB16*AC16*AD16*(AE16/1000)*6.313*1,IF(AE16>32,"",IF(AE16<32,""))) | AO16: B | AP16: =SUM(R16:Y16)+SUM(AN16) -> 0 | AQ16: =SUM(AF16:AM16) -> 0 | AS16: ES0201 det. 4 VE1: "Betão de Limpeza [h=0.10]" | AT16: Calculado
B17: ZONA C - BETÃO DE LIMPEZA C16/20 (e=0.10; sobrelargura 0.05 m por lado)
B18: S2 (PC2, PC4, PC5, PC7) | C18: 4 | D18: =1.7+2*0.05 -> 1.8 | E18: =2.2+2*0.05 -> 2.3 | F18: 0.1 | G18: =C18*D18*E18*F18 -> 1.656 | I18: =C18*D18*E18 -> 16.56 | R18: =IF(P18=6,N18*O18*Q18*0.222*1,IF(P18>6,"",IF(P18<6,""))) | S18: =IF(P18=8,N18*O18*Q18*0.395*1,IF(P18>8,"",IF(P18<8,""))) | T18: =IF(P18=10,N18*O18*Q18*0.617*1,IF(P18>10,"",IF(P18<10,""))) | U18: =IF(P18=12,N18*O18*Q18*0.888*1,IF(P18>12,"",IF(P18<12,""))) | V18: =IF(P18=16,N18*O18*Q18*1.578*1,IF(P18>16,"",IF(P18<16,""))) | W18: =IF(P18=20,N18*O18*Q18*2.466*1,IF(P18>20,"",IF(P18<20,""))) | X18: =IF(P18=25,N18*O18*Q18*3.853*1,IF(P18>25,"",IF(P18<25,""))) | Y18: =IF(P18=32,N18*O18*Q18*6.313*1,IF(P18>32,"",IF(P18<32,""))) | AA18: =IF(AC18>0,N18,"") | AB18: =IF(AC18>0,O18,"") | AE18: =IF(AC18>0,P18,"") | AF18: =IF(AE18=6,AA18*AB18*AC18*AD18*(AE18/1000)*0.222*1,IF(AE18>6,"",IF(AE18<6,""))) | AG18: =IF(AE18=8,AA18*AB18*AC18*AD18*(AE18/1000)*0.395*1,IF(AE18>8,"",IF(AE18<8,""))) | AH18: =IF(AE18=10,AA18*AB18*AC18*AD18*(AE18/1000)*0.617*1,IF(AE18>10,"",IF(AE18<10,""))) | AI18: =IF(AE18=12,AA18*AB18*AC18*AD18*(AE18/1000)*0.888*1,IF(AE18>12,"",IF(AE18<12,""))) | AJ18: =IF(AE18=16,AA18*AB18*AC18*AD18*(AE18/1000)*1.578*1,IF(AE18>16,"",IF(AE18<16,""))) | AK18: =IF(AE18=20,AA18*AB18*AC18*AD18*(AE18/1000)*2.466*1,IF(AE18>20,"",IF(AE18<20,""))) | AL18: =IF(AE18=25,AA18*AB18*AC18*AD18*(AE18/1000)*3.853*1,IF(AE18>25,"",IF(AE18<25,""))) | AM18: =IF(AE18=32,AA18*AB18*AC18*AD18*(AE18/1000)*6.313*1,IF(AE18>32,"",IF(AE18<32,""))) | AO18: C | AP18: =SUM(R18:Y18)+SUM(AN18) -> 0 | AQ18: =SUM(AF18:AM18) -> 0 | AS18: ES0101 pormenor tipo de sapatas (5 cm por lado, 10 cm) | AT18: Calculado
B19: S3 (PC1, PC3, PC6, PC8, PC9, PC10, PC13 + 2 PL1) | C19: 9 | D19: =1.2+2*0.05 -> 1.3 | E19: =1.2+2*0.05 -> 1.3 | F19: 0.1 | G19: =C19*D19*E19*F19 -> 1.521 | I19: =C19*D19*E19 -> 15.21 | R19: =IF(P19=6,N19*O19*Q19*0.222*1,IF(P19>6,"",IF(P19<6,""))) | S19: =IF(P19=8,N19*O19*Q19*0.395*1,IF(P19>8,"",IF(P19<8,""))) | T19: =IF(P19=10,N19*O19*Q19*0.617*1,IF(P19>10,"",IF(P19<10,""))) | U19: =IF(P19=12,N19*O19*Q19*0.888*1,IF(P19>12,"",IF(P19<12,""))) | V19: =IF(P19=16,N19*O19*Q19*1.578*1,IF(P19>16,"",IF(P19<16,""))) | W19: =IF(P19=20,N19*O19*Q19*2.466*1,IF(P19>20,"",IF(P19<20,""))) | X19: =IF(P19=25,N19*O19*Q19*3.853*1,IF(P19>25,"",IF(P19<25,""))) | Y19: =IF(P19=32,N19*O19*Q19*6.313*1,IF(P19>32,"",IF(P19<32,""))) | AA19: =IF(AC19>0,N19,"") | AB19: =IF(AC19>0,O19,"") | AE19: =IF(AC19>0,P19,"") | AF19: =IF(AE19=6,AA19*AB19*AC19*AD19*(AE19/1000)*0.222*1,IF(AE19>6,"",IF(AE19<6,""))) | AG19: =IF(AE19=8,AA19*AB19*AC19*AD19*(AE19/1000)*0.395*1,IF(AE19>8,"",IF(AE19<8,""))) | AH19: =IF(AE19=10,AA19*AB19*AC19*AD19*(AE19/1000)*0.617*1,IF(AE19>10,"",IF(AE19<10,""))) | AI19: =IF(AE19=12,AA19*AB19*AC19*AD19*(AE19/1000)*0.888*1,IF(AE19>12,"",IF(AE19<12,""))) | AJ19: =IF(AE19=16,AA19*AB19*AC19*AD19*(AE19/1000)*1.578*1,IF(AE19>16,"",IF(AE19<16,""))) | AK19: =IF(AE19=20,AA19*AB19*AC19*AD19*(AE19/1000)*2.466*1,IF(AE19>20,"",IF(AE19<20,""))) | AL19: =IF(AE19=25,AA19*AB19*AC19*AD19*(AE19/1000)*3.853*1,IF(AE19>25,"",IF(AE19<25,""))) | AM19: =IF(AE19=32,AA19*AB19*AC19*AD19*(AE19/1000)*6.313*1,IF(AE19>32,"",IF(AE19<32,""))) | AO19: C | AP19: =SUM(R19:Y19)+SUM(AN19) -> 0 | AQ19: =SUM(AF19:AM19) -> 0 | AS19: ES0101 pormenor tipo de sapatas (5 cm por lado, 10 cm) | AT19: Calculado
B20: S4 (PL1 em CE) | C20: 2 | D20: =1.4+2*0.05 -> 1.5 | E20: =0.8+2*0.05 -> 0.9 | F20: 0.1 | G20: =C20*D20*E20*F20 -> 0.27 | I20: =C20*D20*E20 -> 2.7 | R20: =IF(P20=6,N20*O20*Q20*0.222*1,IF(P20>6,"",IF(P20<6,""))) | S20: =IF(P20=8,N20*O20*Q20*0.395*1,IF(P20>8,"",IF(P20<8,""))) | T20: =IF(P20=10,N20*O20*Q20*0.617*1,IF(P20>10,"",IF(P20<10,""))) | U20: =IF(P20=12,N20*O20*Q20*0.888*1,IF(P20>12,"",IF(P20<12,""))) | V20: =IF(P20=16,N20*O20*Q20*1.578*1,IF(P20>16,"",IF(P20<16,""))) | W20: =IF(P20=20,N20*O20*Q20*2.466*1,IF(P20>20,"",IF(P20<20,""))) | X20: =IF(P20=25,N20*O20*Q20*3.853*1,IF(P20>25,"",IF(P20<25,""))) | Y20: =IF(P20=32,N20*O20*Q20*6.313*1,IF(P20>32,"",IF(P20<32,""))) | AA20: =IF(AC20>0,N20,"") | AB20: =IF(AC20>0,O20,"") | AE20: =IF(AC20>0,P20,"") | AF20: =IF(AE20=6,AA20*AB20*AC20*AD20*(AE20/1000)*0.222*1,IF(AE20>6,"",IF(AE20<6,""))) | AG20: =IF(AE20=8,AA20*AB20*AC20*AD20*(AE20/1000)*0.395*1,IF(AE20>8,"",IF(AE20<8,""))) | AH20: =IF(AE20=10,AA20*AB20*AC20*AD20*(AE20/1000)*0.617*1,IF(AE20>10,"",IF(AE20<10,""))) | AI20: =IF(AE20=12,AA20*AB20*AC20*AD20*(AE20/1000)*0.888*1,IF(AE20>12,"",IF(AE20<12,""))) | AJ20: =IF(AE20=16,AA20*AB20*AC20*AD20*(AE20/1000)*1.578*1,IF(AE20>16,"",IF(AE20<16,""))) | AK20: =IF(AE20=20,AA20*AB20*AC20*AD20*(AE20/1000)*2.466*1,IF(AE20>20,"",IF(AE20<20,""))) | AL20: =IF(AE20=25,AA20*AB20*AC20*AD20*(AE20/1000)*3.853*1,IF(AE20>25,"",IF(AE20<25,""))) | AM20: =IF(AE20=32,AA20*AB20*AC20*AD20*(AE20/1000)*6.313*1,IF(AE20>32,"",IF(AE20<32,""))) | AO20: C | AP20: =SUM(R20:Y20)+SUM(AN20) -> 0 | AQ20: =SUM(AF20:AM20) -> 0 | AS20: ES0101 pormenor tipo de sapatas (5 cm por lado, 10 cm) | AT20: Calculado
B21: VL1 (b+0.10) x ΣLcut (11 tramos) | C21: 1 | D21: =0.24+2*0.05 -> 0.34 | E21: =7.0887+5.3877+7.5463+1.3315+3.3468+4.2949+2.5778+3.4271+1.7234+7.5463+3.3342 -> 47.6047 | F21: 0.1 | G21: =C21*D21*E21*F21 -> 1.6185598 | I21: =C21*D21*E21 -> 16.185598 | R21: =IF(P21=6,N21*O21*Q21*0.222*1,IF(P21>6,"",IF(P21<6,""))) | S21: =IF(P21=8,N21*O21*Q21*0.395*1,IF(P21>8,"",IF(P21<8,""))) | T21: =IF(P21=10,N21*O21*Q21*0.617*1,IF(P21>10,"",IF(P21<10,""))) | U21: =IF(P21=12,N21*O21*Q21*0.888*1,IF(P21>12,"",IF(P21<12,""))) | V21: =IF(P21=16,N21*O21*Q21*1.578*1,IF(P21>16,"",IF(P21<16,""))) | W21: =IF(P21=20,N21*O21*Q21*2.466*1,IF(P21>20,"",IF(P21<20,""))) | X21: =IF(P21=25,N21*O21*Q21*3.853*1,IF(P21>25,"",IF(P21<25,""))) | Y21: =IF(P21=32,N21*O21*Q21*6.313*1,IF(P21>32,"",IF(P21<32,""))) | AA21: =IF(AC21>0,N21,"") | AB21: =IF(AC21>0,O21,"") | AE21: =IF(AC21>0,P21,"") | AF21: =IF(AE21=6,AA21*AB21*AC21*AD21*(AE21/1000)*0.222*1,IF(AE21>6,"",IF(AE21<6,""))) | AG21: =IF(AE21=8,AA21*AB21*AC21*AD21*(AE21/1000)*0.395*1,IF(AE21>8,"",IF(AE21<8,""))) | AH21: =IF(AE21=10,AA21*AB21*AC21*AD21*(AE21/1000)*0.617*1,IF(AE21>10,"",IF(AE21<10,""))) | AI21: =IF(AE21=12,AA21*AB21*AC21*AD21*(AE21/1000)*0.888*1,IF(AE21>12,"",IF(AE21<12,""))) | AJ21: =IF(AE21=16,AA21*AB21*AC21*AD21*(AE21/1000)*1.578*1,IF(AE21>16,"",IF(AE21<16,""))) | AK21: =IF(AE21=20,AA21*AB21*AC21*AD21*(AE21/1000)*2.466*1,IF(AE21>20,"",IF(AE21<20,""))) | AL21: =IF(AE21=25,AA21*AB21*AC21*AD21*(AE21/1000)*3.853*1,IF(AE21>25,"",IF(AE21<25,""))) | AM21: =IF(AE21=32,AA21*AB21*AC21*AD21*(AE21/1000)*6.313*1,IF(AE21>32,"",IF(AE21<32,""))) | AO21: C | AP21: =SUM(R21:Y21)+SUM(AN21) -> 0 | AQ21: =SUM(AF21:AM21) -> 0 | AS21: ES0302 det. 3 VL1: "Betão Limpeza" | AT21: Calculado
B22: ZONA D - BETÃO DE LIMPEZA C16/20 (e=0.10; sobrelargura 0.05 m por lado)
B23: SE1 (PE1) | C23: 1 | D23: =1.1+2*0.05 -> 1.2 | E23: =1.1+2*0.05 -> 1.2 | F23: 0.1 | G23: =C23*D23*E23*F23 -> 0.144 | I23: =C23*D23*E23 -> 1.44 | R23: =IF(P23=6,N23*O23*Q23*0.222*1,IF(P23>6,"",IF(P23<6,""))) | S23: =IF(P23=8,N23*O23*Q23*0.395*1,IF(P23>8,"",IF(P23<8,""))) | T23: =IF(P23=10,N23*O23*Q23*0.617*1,IF(P23>10,"",IF(P23<10,""))) | U23: =IF(P23=12,N23*O23*Q23*0.888*1,IF(P23>12,"",IF(P23<12,""))) | V23: =IF(P23=16,N23*O23*Q23*1.578*1,IF(P23>16,"",IF(P23<16,""))) | W23: =IF(P23=20,N23*O23*Q23*2.466*1,IF(P23>20,"",IF(P23<20,""))) | X23: =IF(P23=25,N23*O23*Q23*3.853*1,IF(P23>25,"",IF(P23<25,""))) | Y23: =IF(P23=32,N23*O23*Q23*6.313*1,IF(P23>32,"",IF(P23<32,""))) | AA23: =IF(AC23>0,N23,"") | AB23: =IF(AC23>0,O23,"") | AE23: =IF(AC23>0,P23,"") | AF23: =IF(AE23=6,AA23*AB23*AC23*AD23*(AE23/1000)*0.222*1,IF(AE23>6,"",IF(AE23<6,""))) | AG23: =IF(AE23=8,AA23*AB23*AC23*AD23*(AE23/1000)*0.395*1,IF(AE23>8,"",IF(AE23<8,""))) | AH23: =IF(AE23=10,AA23*AB23*AC23*AD23*(AE23/1000)*0.617*1,IF(AE23>10,"",IF(AE23<10,""))) | AI23: =IF(AE23=12,AA23*AB23*AC23*AD23*(AE23/1000)*0.888*1,IF(AE23>12,"",IF(AE23<12,""))) | AJ23: =IF(AE23=16,AA23*AB23*AC23*AD23*(AE23/1000)*1.578*1,IF(AE23>16,"",IF(AE23<16,""))) | AK23: =IF(AE23=20,AA23*AB23*AC23*AD23*(AE23/1000)*2.466*1,IF(AE23>20,"",IF(AE23<20,""))) | AL23: =IF(AE23=25,AA23*AB23*AC23*AD23*(AE23/1000)*3.853*1,IF(AE23>25,"",IF(AE23<25,""))) | AM23: =IF(AE23=32,AA23*AB23*AC23*AD23*(AE23/1000)*6.313*1,IF(AE23>32,"",IF(AE23<32,""))) | AO23: D | AP23: =SUM(R23:Y23)+SUM(AN23) -> 0 | AQ23: =SUM(AF23:AM23) -> 0 | AS23: ES0101 pormenor tipo de sapatas (5 cm por lado, 10 cm) | AT23: Calculado
B24: ZONA F - BETÃO DE LIMPEZA C16/20 (e=0.10; sobrelargura 0.05 m por lado)
B25: LMFelev - ensoleiramento do elevador | C25: 1 | D25: =3.15+2*0.05 -> 3.25 | E25: =2.74+2*0.05 -> 2.84 | F25: 0.1 | G25: =C25*D25*E25*F25 -> 0.923 | I25: =C25*D25*E25 -> 9.23 | R25: =IF(P25=6,N25*O25*Q25*0.222*1,IF(P25>6,"",IF(P25<6,""))) | S25: =IF(P25=8,N25*O25*Q25*0.395*1,IF(P25>8,"",IF(P25<8,""))) | T25: =IF(P25=10,N25*O25*Q25*0.617*1,IF(P25>10,"",IF(P25<10,""))) | U25: =IF(P25=12,N25*O25*Q25*0.888*1,IF(P25>12,"",IF(P25<12,""))) | V25: =IF(P25=16,N25*O25*Q25*1.578*1,IF(P25>16,"",IF(P25<16,""))) | W25: =IF(P25=20,N25*O25*Q25*2.466*1,IF(P25>20,"",IF(P25<20,""))) | X25: =IF(P25=25,N25*O25*Q25*3.853*1,IF(P25>25,"",IF(P25<25,""))) | Y25: =IF(P25=32,N25*O25*Q25*6.313*1,IF(P25>32,"",IF(P25<32,""))) | AA25: =IF(AC25>0,N25,"") | AB25: =IF(AC25>0,O25,"") | AE25: =IF(AC25>0,P25,"") | AF25: =IF(AE25=6,AA25*AB25*AC25*AD25*(AE25/1000)*0.222*1,IF(AE25>6,"",IF(AE25<6,""))) | AG25: =IF(AE25=8,AA25*AB25*AC25*AD25*(AE25/1000)*0.395*1,IF(AE25>8,"",IF(AE25<8,""))) | AH25: =IF(AE25=10,AA25*AB25*AC25*AD25*(AE25/1000)*0.617*1,IF(AE25>10,"",IF(AE25<10,""))) | AI25: =IF(AE25=12,AA25*AB25*AC25*AD25*(AE25/1000)*0.888*1,IF(AE25>12,"",IF(AE25<12,""))) | AJ25: =IF(AE25=16,AA25*AB25*AC25*AD25*(AE25/1000)*1.578*1,IF(AE25>16,"",IF(AE25<16,""))) | AK25: =IF(AE25=20,AA25*AB25*AC25*AD25*(AE25/1000)*2.466*1,IF(AE25>20,"",IF(AE25<20,""))) | AL25: =IF(AE25=25,AA25*AB25*AC25*AD25*(AE25/1000)*3.853*1,IF(AE25>25,"",IF(AE25<25,""))) | AM25: =IF(AE25=32,AA25*AB25*AC25*AD25*(AE25/1000)*6.313*1,IF(AE25>32,"",IF(AE25<32,""))) | AO25: F | AP25: =SUM(R25:Y25)+SUM(AN25) -> 0 | AQ25: =SUM(AF25:AM25) -> 0 | AS25: ES0101 pormenor tipo de sapatas (5 cm por lado, 10 cm) | AT25: Calculado
B26: ZONA E - BETÃO DE LIMPEZA SOB SAPATAS CONTÍNUAS DO MURO
B27: SMS1.1 (sob MS1.1) | C27: 1 | D27: =1.6965/(1.45*0.5)+2*0.05 -> 2.44 | E27: =1.45+2*0.05 -> 1.55 | F27: 0.1 | G27: =C27*D27*E27*F27 -> 0.3782 | I27: =C27*D27*E27 -> 3.782 | R27: =IF(P27=6,N27*O27*Q27*0.222*1,IF(P27>6,"",IF(P27<6,""))) | S27: =IF(P27=8,N27*O27*Q27*0.395*1,IF(P27>8,"",IF(P27<8,""))) | T27: =IF(P27=10,N27*O27*Q27*0.617*1,IF(P27>10,"",IF(P27<10,""))) | U27: =IF(P27=12,N27*O27*Q27*0.888*1,IF(P27>12,"",IF(P27<12,""))) | V27: =IF(P27=16,N27*O27*Q27*1.578*1,IF(P27>16,"",IF(P27<16,""))) | W27: =IF(P27=20,N27*O27*Q27*2.466*1,IF(P27>20,"",IF(P27<20,""))) | X27: =IF(P27=25,N27*O27*Q27*3.853*1,IF(P27>25,"",IF(P27<25,""))) | Y27: =IF(P27=32,N27*O27*Q27*6.313*1,IF(P27>32,"",IF(P27<32,""))) | AA27: =IF(AC27>0,N27,"") | AB27: =IF(AC27>0,O27,"") | AE27: =IF(AC27>0,P27,"") | AF27: =IF(AE27=6,AA27*AB27*AC27*AD27*(AE27/1000)*0.222*1,IF(AE27>6,"",IF(AE27<6,""))) | AG27: =IF(AE27=8,AA27*AB27*AC27*AD27*(AE27/1000)*0.395*1,IF(AE27>8,"",IF(AE27<8,""))) | AH27: =IF(AE27=10,AA27*AB27*AC27*AD27*(AE27/1000)*0.617*1,IF(AE27>10,"",IF(AE27<10,""))) | AI27: =IF(AE27=12,AA27*AB27*AC27*AD27*(AE27/1000)*0.888*1,IF(AE27>12,"",IF(AE27<12,""))) | AJ27: =IF(AE27=16,AA27*AB27*AC27*AD27*(AE27/1000)*1.578*1,IF(AE27>16,"",IF(AE27<16,""))) | AK27: =IF(AE27=20,AA27*AB27*AC27*AD27*(AE27/1000)*2.466*1,IF(AE27>20,"",IF(AE27<20,""))) | AL27: =IF(AE27=25,AA27*AB27*AC27*AD27*(AE27/1000)*3.853*1,IF(AE27>25,"",IF(AE27<25,""))) | AM27: =IF(AE27=32,AA27*AB27*AC27*AD27*(AE27/1000)*6.313*1,IF(AE27>32,"",IF(AE27<32,""))) | AO27: E | AP27: =SUM(R27:Y27)+SUM(AN27) -> 0 | AQ27: =SUM(AF27:AM27) -> 0 | AS27: ES0401 det. 3-5 (limpeza 0.10) | AT27: Calculado
B28: SMS1.2 (sob MS1.2) | C28: 1 | D28: =2.8275/(1.45*0.5)+2*0.05 -> 4 | E28: =1.45+2*0.05 -> 1.55 | F28: 0.1 | G28: =C28*D28*E28*F28 -> 0.62 | I28: =C28*D28*E28 -> 6.2 | R28: =IF(P28=6,N28*O28*Q28*0.222*1,IF(P28>6,"",IF(P28<6,""))) | S28: =IF(P28=8,N28*O28*Q28*0.395*1,IF(P28>8,"",IF(P28<8,""))) | T28: =IF(P28=10,N28*O28*Q28*0.617*1,IF(P28>10,"",IF(P28<10,""))) | U28: =IF(P28=12,N28*O28*Q28*0.888*1,IF(P28>12,"",IF(P28<12,""))) | V28: =IF(P28=16,N28*O28*Q28*1.578*1,IF(P28>16,"",IF(P28<16,""))) | W28: =IF(P28=20,N28*O28*Q28*2.466*1,IF(P28>20,"",IF(P28<20,""))) | X28: =IF(P28=25,N28*O28*Q28*3.853*1,IF(P28>25,"",IF(P28<25,""))) | Y28: =IF(P28=32,N28*O28*Q28*6.313*1,IF(P28>32,"",IF(P28<32,""))) | AA28: =IF(AC28>0,N28,"") | AB28: =IF(AC28>0,O28,"") | AE28: =IF(AC28>0,P28,"") | AF28: =IF(AE28=6,AA28*AB28*AC28*AD28*(AE28/1000)*0.222*1,IF(AE28>6,"",IF(AE28<6,""))) | AG28: =IF(AE28=8,AA28*AB28*AC28*AD28*(AE28/1000)*0.395*1,IF(AE28>8,"",IF(AE28<8,""))) | AH28: =IF(AE28=10,AA28*AB28*AC28*AD28*(AE28/1000)*0.617*1,IF(AE28>10,"",IF(AE28<10,""))) | AI28: =IF(AE28=12,AA28*AB28*AC28*AD28*(AE28/1000)*0.888*1,IF(AE28>12,"",IF(AE28<12,""))) | AJ28: =IF(AE28=16,AA28*AB28*AC28*AD28*(AE28/1000)*1.578*1,IF(AE28>16,"",IF(AE28<16,""))) | AK28: =IF(AE28=20,AA28*AB28*AC28*AD28*(AE28/1000)*2.466*1,IF(AE28>20,"",IF(AE28<20,""))) | AL28: =IF(AE28=25,AA28*AB28*AC28*AD28*(AE28/1000)*3.853*1,IF(AE28>25,"",IF(AE28<25,""))) | AM28: =IF(AE28=32,AA28*AB28*AC28*AD28*(AE28/1000)*6.313*1,IF(AE28>32,"",IF(AE28<32,""))) | AO28: E | AP28: =SUM(R28:Y28)+SUM(AN28) -> 0 | AQ28: =SUM(AF28:AM28) -> 0 | AS28: ES0401 det. 3-5 (limpeza 0.10) | AT28: Calculado
B29: SMS1.3 (sob MS1.3) | C29: 1 | D29: =2.415/(1.15*0.5)+2*0.05 -> 4.3 | E29: =1.15+2*0.05 -> 1.25 | F29: 0.1 | G29: =C29*D29*E29*F29 -> 0.5375 | I29: =C29*D29*E29 -> 5.375 | R29: =IF(P29=6,N29*O29*Q29*0.222*1,IF(P29>6,"",IF(P29<6,""))) | S29: =IF(P29=8,N29*O29*Q29*0.395*1,IF(P29>8,"",IF(P29<8,""))) | T29: =IF(P29=10,N29*O29*Q29*0.617*1,IF(P29>10,"",IF(P29<10,""))) | U29: =IF(P29=12,N29*O29*Q29*0.888*1,IF(P29>12,"",IF(P29<12,""))) | V29: =IF(P29=16,N29*O29*Q29*1.578*1,IF(P29>16,"",IF(P29<16,""))) | W29: =IF(P29=20,N29*O29*Q29*2.466*1,IF(P29>20,"",IF(P29<20,""))) | X29: =IF(P29=25,N29*O29*Q29*3.853*1,IF(P29>25,"",IF(P29<25,""))) | Y29: =IF(P29=32,N29*O29*Q29*6.313*1,IF(P29>32,"",IF(P29<32,""))) | AA29: =IF(AC29>0,N29,"") | AB29: =IF(AC29>0,O29,"") | AE29: =IF(AC29>0,P29,"") | AF29: =IF(AE29=6,AA29*AB29*AC29*AD29*(AE29/1000)*0.222*1,IF(AE29>6,"",IF(AE29<6,""))) | AG29: =IF(AE29=8,AA29*AB29*AC29*AD29*(AE29/1000)*0.395*1,IF(AE29>8,"",IF(AE29<8,""))) | AH29: =IF(AE29=10,AA29*AB29*AC29*AD29*(AE29/1000)*0.617*1,IF(AE29>10,"",IF(AE29<10,""))) | AI29: =IF(AE29=12,AA29*AB29*AC29*AD29*(AE29/1000)*0.888*1,IF(AE29>12,"",IF(AE29<12,""))) | AJ29: =IF(AE29=16,AA29*AB29*AC29*AD29*(AE29/1000)*1.578*1,IF(AE29>16,"",IF(AE29<16,""))) | AK29: =IF(AE29=20,AA29*AB29*AC29*AD29*(AE29/1000)*2.466*1,IF(AE29>20,"",IF(AE29<20,""))) | AL29: =IF(AE29=25,AA29*AB29*AC29*AD29*(AE29/1000)*3.853*1,IF(AE29>25,"",IF(AE29<25,""))) | AM29: =IF(AE29=32,AA29*AB29*AC29*AD29*(AE29/1000)*6.313*1,IF(AE29>32,"",IF(AE29<32,""))) | AO29: E | AP29: =SUM(R29:Y29)+SUM(AN29) -> 0 | AQ29: =SUM(AF29:AM29) -> 0 | AS29: ES0401 det. 3-5 (limpeza 0.10) | AT29: Calculado
B30: SMS1.4 (sob MS1.4) | C30: 1 | D30: =1.4365/(0.85*0.4)+2*0.05 -> 4.325 | E30: =0.85+2*0.05 -> 0.95 | F30: 0.1 | G30: =C30*D30*E30*F30 -> 0.410875 | I30: =C30*D30*E30 -> 4.10875 | R30: =IF(P30=6,N30*O30*Q30*0.222*1,IF(P30>6,"",IF(P30<6,""))) | S30: =IF(P30=8,N30*O30*Q30*0.395*1,IF(P30>8,"",IF(P30<8,""))) | T30: =IF(P30=10,N30*O30*Q30*0.617*1,IF(P30>10,"",IF(P30<10,""))) | U30: =IF(P30=12,N30*O30*Q30*0.888*1,IF(P30>12,"",IF(P30<12,""))) | V30: =IF(P30=16,N30*O30*Q30*1.578*1,IF(P30>16,"",IF(P30<16,""))) | W30: =IF(P30=20,N30*O30*Q30*2.466*1,IF(P30>20,"",IF(P30<20,""))) | X30: =IF(P30=25,N30*O30*Q30*3.853*1,IF(P30>25,"",IF(P30<25,""))) | Y30: =IF(P30=32,N30*O30*Q30*6.313*1,IF(P30>32,"",IF(P30<32,""))) | AA30: =IF(AC30>0,N30,"") | AB30: =IF(AC30>0,O30,"") | AE30: =IF(AC30>0,P30,"") | AF30: =IF(AE30=6,AA30*AB30*AC30*AD30*(AE30/1000)*0.222*1,IF(AE30>6,"",IF(AE30<6,""))) | AG30: =IF(AE30=8,AA30*AB30*AC30*AD30*(AE30/1000)*0.395*1,IF(AE30>8,"",IF(AE30<8,""))) | AH30: =IF(AE30=10,AA30*AB30*AC30*AD30*(AE30/1000)*0.617*1,IF(AE30>10,"",IF(AE30<10,""))) | AI30: =IF(AE30=12,AA30*AB30*AC30*AD30*(AE30/1000)*0.888*1,IF(AE30>12,"",IF(AE30<12,""))) | AJ30: =IF(AE30=16,AA30*AB30*AC30*AD30*(AE30/1000)*1.578*1,IF(AE30>16,"",IF(AE30<16,""))) | AK30: =IF(AE30=20,AA30*AB30*AC30*AD30*(AE30/1000)*2.466*1,IF(AE30>20,"",IF(AE30<20,""))) | AL30: =IF(AE30=25,AA30*AB30*AC30*AD30*(AE30/1000)*3.853*1,IF(AE30>25,"",IF(AE30<25,""))) | AM30: =IF(AE30=32,AA30*AB30*AC30*AD30*(AE30/1000)*6.313*1,IF(AE30>32,"",IF(AE30<32,""))) | AO30: E | AP30: =SUM(R30:Y30)+SUM(AN30) -> 0 | AQ30: =SUM(AF30:AM30) -> 0 | AS30: ES0401 det. 3-5 (limpeza 0.10) | AT30: Calculado
C32: TOTAL BETÃO (m3) | G32: =SUM(G6:G30) -> 11.950635 | O32: TOTAL (kg/Ø) | R32: =SUM(R6:R30) -> 0 | S32: =SUM(S6:S30) -> 0 | T32: =SUM(T6:T30) -> 0 | U32: =SUM(U6:U30) -> 0 | V32: =SUM(V6:V30) -> 0 | W32: =SUM(W6:W30) -> 0 | X32: =SUM(X6:X30) -> 0 | Y32: =SUM(Y6:Y30) -> 0 | AB32: TOTAL (kg/Ø) | AF32: =SUM(AF6:AF30) -> 0 | AG32: =SUM(AG6:AG30) -> 0 | AH32: =SUM(AH6:AH30) -> 0 | AI32: =SUM(AI6:AI30) -> 0 | AJ32: =SUM(AJ6:AJ30) -> 0 | AK32: =SUM(AK6:AK30) -> 0 | AL32: =SUM(AL6:AL30) -> 0 | AM32: =SUM(AM6:AM30) -> 0 | AN32: =SUM(AN6:AN30) -> 0
A33: OBS : | C33: TOTAL COFRAGEM (m2) | G33: =SUM(I6:I30) -> 119.50635 | O33: TOTAL (Kg) | R33: =SUM(R32:Y32)+AN32 -> 0 | AB33: TOTAL (Kg) | AF33: =SUM(AF32:AM32) -> 0
C34: DENS. COFRAGEM (m2/m3) | G34: =IF(G32>0,G33/G32,0) -> 10 | O34: DENS. TOTAL (Kg/m3) | R34: =IF(G32>0,R33/G32,0) -> 0 | AB34: DENS. EMPALMES (Kg/m3) | AF34: =IF(G32>0,AF33/G32,0) -> 0 | AJ34: % EMPALMES/kg | AM34: =IF(R33>0,AF33/R33,0) -> 0

Sheet FUNDAÇÕES
E1: MEDIÇÕES DE BETÃO ARMADO | S1: Obra: | T1: 050.24 - LAR DE S. JORGE, GMR | W1: Executou:
S2: Local: | T2: Pevidém, Guimarães | W2: Data: | X2: =TODAY() -> 46325
A4: ARTº | B4: Designação | C4: BETÃO | I4: COFRAGEM | K4: AÇO SEM EMPALMES | R4: DIÃMETROS | AA4: AÇO EMPALMES | AF4: DIÃMETROS | AN4: REDE ELECTROS. | AO4: ZONA | AP4: AÇO s/ EMP. (kg) | AQ4: AÇO EMP. (kg) | AR4: BETÃO MODELO BIM (m3) | AS4: FONTE / OBSERVAÇÕES | AT4: ESTADO
C5: Nº | D5: C (BX) | E5: L (BY) | F5: H | G5: PARCIAL | I5: PARCIAL | K5: Designação | L5: L | M5: P | N5: Nº (PI) | O5: QUANT. | P5: Ø | Q5: COMP. | R5: Ø 6 | S5: Ø 8 | T5: Ø 10 | U5: Ø 12 | V5: Ø 16 | W5: Ø 20 | X5: Ø 25 | Y5: Ø 32 | AA5: Nº (PI) | AB5: nº varões | AC5: nº empalmes | AD5: ɸ | AE5: Ø | AF5: Ø 6 | AG5: Ø 8 | AH5: Ø 10 | AI5: Ø 12 | AJ5: Ø 16 | AK5: Ø 20 | AL5: Ø 25 | AM5: Ø 32 | AN5: (kg)
B6: ZONA A - SAPATAS ISOLADAS
B7: S6 (PA1, PA2) | C7: 1 | D7: 2.4 | E7: 2.8 | F7: 0.5 | G7: =C7*D7*E7*F7 -> 3.36 | I7: =2*(D7+E7)*F7*C7 -> 5.2 | R7: =IF(P7=6,N7*O7*Q7*0.222*1,IF(P7>6,"",IF(P7<6,""))) | S7: =IF(P7=8,N7*O7*Q7*0.395*1,IF(P7>8,"",IF(P7<8,""))) | T7: =IF(P7=10,N7*O7*Q7*0.617*1,IF(P7>10,"",IF(P7<10,""))) | U7: =IF(P7=12,N7*O7*Q7*0.888*1,IF(P7>12,"",IF(P7<12,""))) | V7: =IF(P7=16,N7*O7*Q7*1.578*1,IF(P7>16,"",IF(P7<16,""))) | W7: =IF(P7=20,N7*O7*Q7*2.466*1,IF(P7>20,"",IF(P7<20,""))) | X7: =IF(P7=25,N7*O7*Q7*3.853*1,IF(P7>25,"",IF(P7<25,""))) | Y7: =IF(P7=32,N7*O7*Q7*6.313*1,IF(P7>32,"",IF(P7<32,""))) | AA7: =IF(AC7>0,N7,"") | AB7: =IF(AC7>0,O7,"") | AE7: =IF(AC7>0,P7,"") | AF7: =IF(AE7=6,AA7*AB7*AC7*AD7*(AE7/1000)*0.222*1,IF(AE7>6,"",IF(AE7<6,""))) | AG7: =IF(AE7=8,AA7*AB7*AC7*AD7*(AE7/1000)*0.395*1,IF(AE7>8,"",IF(AE7<8,""))) | AH7: =IF(AE7=10,AA7*AB7*AC7*AD7*(AE7/1000)*0.617*1,IF(AE7>10,"",IF(AE7<10,""))) | AI7: =IF(AE7=12,AA7*AB7*AC7*AD7*(AE7/1000)*0.888*1,IF(AE7>12,"",IF(AE7<12,""))) | AJ7: =IF(AE7=16,AA7*AB7*AC7*AD7*(AE7/1000)*1.578*1,IF(AE7>16,"",IF(AE7<16,""))) | AK7: =IF(AE7=20,AA7*AB7*AC7*AD7*(AE7/1000)*2.466*1,IF(AE7>20,"",IF(AE7<20,""))) | AL7: =IF(AE7=25,AA7*AB7*AC7*AD7*(AE7/1000)*3.853*1,IF(AE7>25,"",IF(AE7<25,""))) | AM7: =IF(AE7=32,AA7*AB7*AC7*AD7*(AE7/1000)*6.313*1,IF(AE7>32,"",IF(AE7<32,""))) | AO7: A | AP7: =SUM(R7:Y7)+SUM(AN7) -> 0 | AQ7: =SUM(AF7:AM7) -> 0 | AR7: 3.36 | AS7: ES0101 quadro sapatas Zona A; Revit 1374132 | AT7: Extraído
K8: AS inf xx Ø16//0.125 | L8: =$E$7-2*0.05 -> 2.7 | M8: 0.125 | N8: =$C$7 -> 1 | O8: =CEILING(L8/M8,1)+1 -> 23 | P8: 16 | Q8: =$D$7-2*0.05+2*($F$7-2*0.05) -> 3.1 | R8: =IF(P8=6,N8*O8*Q8*0.222*1,IF(P8>6,"",IF(P8<6,""))) | S8: =IF(P8=8,N8*O8*Q8*0.395*1,IF(P8>8,"",IF(P8<8,""))) | T8: =IF(P8=10,N8*O8*Q8*0.617*1,IF(P8>10,"",IF(P8<10,""))) | U8: =IF(P8=12,N8*O8*Q8*0.888*1,IF(P8>12,"",IF(P8<12,""))) | V8: =IF(P8=16,N8*O8*Q8*1.578*1,IF(P8>16,"",IF(P8<16,""))) -> 112.5114 | W8: =IF(P8=20,N8*O8*Q8*2.466*1,IF(P8>20,"",IF(P8<20,""))) | X8: =IF(P8=25,N8*O8*Q8*3.853*1,IF(P8>25,"",IF(P8<25,""))) | Y8: =IF(P8=32,N8*O8*Q8*6.313*1,IF(P8>32,"",IF(P8<32,""))) | AA8: =IF(AC8>0,N8,"") | AB8: =IF(AC8>0,O8,"") | AE8: =IF(AC8>0,P8,"") | AF8: =IF(AE8=6,AA8*AB8*AC8*AD8*(AE8/1000)*0.222*1,IF(AE8>6,"",IF(AE8<6,""))) | AG8: =IF(AE8=8,AA8*AB8*AC8*AD8*(AE8/1000)*0.395*1,IF(AE8>8,"",IF(AE8<8,""))) | AH8: =IF(AE8=10,AA8*AB8*AC8*AD8*(AE8/1000)*0.617*1,IF(AE8>10,"",IF(AE8<10,""))) | AI8: =IF(AE8=12,AA8*AB8*AC8*AD8*(AE8/1000)*0.888*1,IF(AE8>12,"",IF(AE8<12,""))) | AJ8: =IF(AE8=16,AA8*AB8*AC8*AD8*(AE8/1000)*1.578*1,IF(AE8>16,"",IF(AE8<16,""))) | AK8: =IF(AE8=20,AA8*AB8*AC8*AD8*(AE8/1000)*2.466*1,IF(AE8>20,"",IF(AE8<20,""))) | AL8: =IF(AE8=25,AA8*AB8*AC8*AD8*(AE8/1000)*3.853*1,IF(AE8>25,"",IF(AE8<25,""))) | AM8: =IF(AE8=32,AA8*AB8*AC8*AD8*(AE8/1000)*6.313*1,IF(AE8>32,"",IF(AE8<32,""))) | AO8: A | AP8: =SUM(R8:Y8)+SUM(AN8) -> 112.5114 | AQ8: =SUM(AF8:AM8) -> 0 | AS8: varão em U (abas até à face oposta); recobrimento 5 cm (ES0101 pormenor tipo de sapatas) | AT8: Calculado
K9: AS inf yy Ø16//0.125 | L9: =$D$7-2*0.05 -> 2.3 | M9: 0.125 | N9: =$C$7 -> 1 | O9: =CEILING(L9/M9,1)+1 -> 20 | P9: 16 | Q9: =$E$7-2*0.05+2*($F$7-2*0.05) -> 3.5 | R9: =IF(P9=6,N9*O9*Q9*0.222*1,IF(P9>6,"",IF(P9<6,""))) | S9: =IF(P9=8,N9*O9*Q9*0.395*1,IF(P9>8,"",IF(P9<8,""))) | T9: =IF(P9=10,N9*O9*Q9*0.617*1,IF(P9>10,"",IF(P9<10,""))) | U9: =IF(P9=12,N9*O9*Q9*0.888*1,IF(P9>12,"",IF(P9<12,""))) | V9: =IF(P9=16,N9*O9*Q9*1.578*1,IF(P9>16,"",IF(P9<16,""))) -> 110.46 | W9: =IF(P9=20,N9*O9*Q9*2.466*1,IF(P9>20,"",IF(P9<20,""))) | X9: =IF(P9=25,N9*O9*Q9*3.853*1,IF(P9>25,"",IF(P9<25,""))) | Y9: =IF(P9=32,N9*O9*Q9*6.313*1,IF(P9>32,"",IF(P9<32,""))) | AA9: =IF(AC9>0,N9,"") | AB9: =IF(AC9>0,O9,"") | AE9: =IF(AC9>0,P9,"") | AF9: =IF(AE9=6,AA9*AB9*AC9*AD9*(AE9/1000)*0.222*1,IF(AE9>6,"",IF(AE9<6,""))) | AG9: =IF(AE9=8,AA9*AB9*AC9*AD9*(AE9/1000)*0.395*1,IF(AE9>8,"",IF(AE9<8,""))) | AH9: =IF(AE9=10,AA9*AB9*AC9*AD9*(AE9/1000)*0.617*1,IF(AE9>10,"",IF(AE9<10,""))) | AI9: =IF(AE9=12,AA9*AB9*AC9*AD9*(AE9/1000)*0.888*1,IF(AE9>12,"",IF(AE9<12,""))) | AJ9: =IF(AE9=16,AA9*AB9*AC9*AD9*(AE9/1000)*1.578*1,IF(AE9>16,"",IF(AE9<16,""))) | AK9: =IF(AE9=20,AA9*AB9*AC9*AD9*(AE9/1000)*2.466*1,IF(AE9>20,"",IF(AE9<20,""))) | AL9: =IF(AE9=25,AA9*AB9*AC9*AD9*(AE9/1000)*3.853*1,IF(AE9>25,"",IF(AE9<25,""))) | AM9: =IF(AE9=32,AA9*AB9*AC9*AD9*(AE9/1000)*6.313*1,IF(AE9>32,"",IF(AE9<32,""))) | AO9: A | AP9: =SUM(R9:Y9)+SUM(AN9) -> 110.46 | AQ9: =SUM(AF9:AM9) -> 0 | AS9: varão em U (abas até à face oposta); recobrimento 5 cm (ES0101 pormenor tipo de sapatas) | AT9: Calculado
K10: AS sup xx Ø16//0.125 | L10: =$E$7-2*0.05 -> 2.7 | M10: 0.125 | N10: =$C$7 -> 1 | O10: =CEILING(L10/M10,1)+1 -> 23 | P10: 16 | Q10: =$D$7-2*0.05+2*($F$7-2*0.05) -> 3.1 | R10: =IF(P10=6,N10*O10*Q10*0.222*1,IF(P10>6,"",IF(P10<6,""))) | S10: =IF(P10=8,N10*O10*Q10*0.395*1,IF(P10>8,"",IF(P10<8,""))) | T10: =IF(P10=10,N10*O10*Q10*0.617*1,IF(P10>10,"",IF(P10<10,""))) | U10: =IF(P10=12,N10*O10*Q10*0.888*1,IF(P10>12,"",IF(P10<12,""))) | V10: =IF(P10=16,N10*O10*Q10*1.578*1,IF(P10>16,"",IF(P10<16,""))) -> 112.5114 | W10: =IF(P10=20,N10*O10*Q10*2.466*1,IF(P10>20,"",IF(P10<20,""))) | X10: =IF(P10=25,N10*O10*Q10*3.853*1,IF(P10>25,"",IF(P10<25,""))) | Y10: =IF(P10=32,N10*O10*Q10*6.313*1,IF(P10>32,"",IF(P10<32,""))) | AA10: =IF(AC10>0,N10,"") | AB10: =IF(AC10>0,O10,"") | AE10: =IF(AC10>0,P10,"") | AF10: =IF(AE10=6,AA10*AB10*AC10*AD10*(AE10/1000)*0.222*1,IF(AE10>6,"",IF(AE10<6,""))) | AG10: =IF(AE10=8,AA10*AB10*AC10*AD10*(AE10/1000)*0.395*1,IF(AE10>8,"",IF(AE10<8,""))) | AH10: =IF(AE10=10,AA10*AB10*AC10*AD10*(AE10/1000)*0.617*1,IF(AE10>10,"",IF(AE10<10,""))) | AI10: =IF(AE10=12,AA10*AB10*AC10*AD10*(AE10/1000)*0.888*1,IF(AE10>12,"",IF(AE10<12,""))) | AJ10: =IF(AE10=16,AA10*AB10*AC10*AD10*(AE10/1000)*1.578*1,IF(AE10>16,"",IF(AE10<16,""))) | AK10: =IF(AE10=20,AA10*AB10*AC10*AD10*(AE10/1000)*2.466*1,IF(AE10>20,"",IF(AE10<20,""))) | AL10: =IF(AE10=25,AA10*AB10*AC10*AD10*(AE10/1000)*3.853*1,IF(AE10>25,"",IF(AE10<25,""))) | AM10: =IF(AE10=32,AA10*AB10*AC10*AD10*(AE10/1000)*6.313*1,IF(AE10>32,"",IF(AE10<32,""))) | AO10: A | AP10: =SUM(R10:Y10)+SUM(AN10) -> 112.5114 | AQ10: =SUM(AF10:AM10) -> 0 | AS10: varão em U (abas até à face oposta); recobrimento 5 cm (ES0101 pormenor tipo de sapatas) | AT10: Calculado
K11: AS sup yy Ø16//0.125 | L11: =$D$7-2*0.05 -> 2.3 | M11: 0.125 | N11: =$C$7 -> 1 | O11: =CEILING(L11/M11,1)+1 -> 20 | P11: 16 | Q11: =$E$7-2*0.05+2*($F$7-2*0.05) -> 3.5 | R11: =IF(P11=6,N11*O11*Q11*0.222*1,IF(P11>6,"",IF(P11<6,""))) | S11: =IF(P11=8,N11*O11*Q11*0.395*1,IF(P11>8,"",IF(P11<8,""))) | T11: =IF(P11=10,N11*O11*Q11*0.617*1,IF(P11>10,"",IF(P11<10,""))) | U11: =IF(P11=12,N11*O11*Q11*0.888*1,IF(P11>12,"",IF(P11<12,""))) | V11: =IF(P11=16,N11*O11*Q11*1.578*1,IF(P11>16,"",IF(P11<16,""))) -> 110.46 | W11: =IF(P11=20,N11*O11*Q11*2.466*1,IF(P11>20,"",IF(P11<20,""))) | X11: =IF(P11=25,N11*O11*Q11*3.853*1,IF(P11>25,"",IF(P11<25,""))) | Y11: =IF(P11=32,N11*O11*Q11*6.313*1,IF(P11>32,"",IF(P11<32,""))) | AA11: =IF(AC11>0,N11,"") | AB11: =IF(AC11>0,O11,"") | AE11: =IF(AC11>0,P11,"") | AF11: =IF(AE11=6,AA11*AB11*AC11*AD11*(AE11/1000)*0.222*1,IF(AE11>6,"",IF(AE11<6,""))) | AG11: =IF(AE11=8,AA11*AB11*AC11*AD11*(AE11/1000)*0.395*1,IF(AE11>8,"",IF(AE11<8,""))) | AH11: =IF(AE11=10,AA11*AB11*AC11*AD11*(AE11/1000)*0.617*1,IF(AE11>10,"",IF(AE11<10,""))) | AI11: =IF(AE11=12,AA11*AB11*AC11*AD11*(AE11/1000)*0.888*1,IF(AE11>12,"",IF(AE11<12,""))) | AJ11: =IF(AE11=16,AA11*AB11*AC11*AD11*(AE11/1000)*1.578*1,IF(AE11>16,"",IF(AE11<16,""))) | AK11: =IF(AE11=20,AA11*AB11*AC11*AD11*(AE11/1000)*2.466*1,IF(AE11>20,"",IF(AE11<20,""))) | AL11: =IF(AE11=25,AA11*AB11*AC11*AD11*(AE11/1000)*3.853*1,IF(AE11>25,"",IF(AE11<25,""))) | AM11: =IF(AE11=32,AA11*AB11*AC11*AD11*(AE11/1000)*6.313*1,IF(AE11>32,"",IF(AE11<32,""))) | AO11: A | AP11: =SUM(R11:Y11)+SUM(AN11) -> 110.46 | AQ11: =SUM(AF11:AM11) -> 0 | AS11: varão em U (abas até à face oposta); recobrimento 5 cm (ES0101 pormenor tipo de sapatas) | AT11: Calculado
K12: AS vd 4Ø16 (cintas perimetrais) | N12: =$C$7 -> 1 | O12: 4 | P12: 16 | Q12: =2*($D$7+$E$7)-8*0.05 -> 10 | R12: =IF(P12=6,N12*O12*Q12*0.222*1,IF(P12>6,"",IF(P12<6,""))) | S12: =IF(P12=8,N12*O12*Q12*0.395*1,IF(P12>8,"",IF(P12<8,""))) | T12: =IF(P12=10,N12*O12*Q12*0.617*1,IF(P12>10,"",IF(P12<10,""))) | U12: =IF(P12=12,N12*O12*Q12*0.888*1,IF(P12>12,"",IF(P12<12,""))) | V12: =IF(P12=16,N12*O12*Q12*1.578*1,IF(P12>16,"",IF(P12<16,""))) -> 63.12 | W12: =IF(P12=20,N12*O12*Q12*2.466*1,IF(P12>20,"",IF(P12<20,""))) | X12: =IF(P12=25,N12*O12*Q12*3.853*1,IF(P12>25,"",IF(P12<25,""))) | Y12: =IF(P12=32,N12*O12*Q12*6.313*1,IF(P12>32,"",IF(P12<32,""))) | AA12: =IF(AC12>0,N12,"") -> 1 | AB12: =IF(AC12>0,O12,"") -> 4 | AC12: 1 | AD12: 50 | AE12: =IF(AC12>0,P12,"") -> 16 | AF12: =IF(AE12=6,AA12*AB12*AC12*AD12*(AE12/1000)*0.222*1,IF(AE12>6,"",IF(AE12<6,""))) | AG12: =IF(AE12=8,AA12*AB12*AC12*AD12*(AE12/1000)*0.395*1,IF(AE12>8,"",IF(AE12<8,""))) | AH12: =IF(AE12=10,AA12*AB12*AC12*AD12*(AE12/1000)*0.617*1,IF(AE12>10,"",IF(AE12<10,""))) | AI12: =IF(AE12=12,AA12*AB12*AC12*AD12*(AE12/1000)*0.888*1,IF(AE12>12,"",IF(AE12<12,""))) | AJ12: =IF(AE12=16,AA12*AB12*AC12*AD12*(AE12/1000)*1.578*1,IF(AE12>16,"",IF(AE12<16,""))) -> 5.0496 | AK12: =IF(AE12=20,AA12*AB12*AC12*AD12*(AE12/1000)*2.466*1,IF(AE12>20,"",IF(AE12<20,""))) | AL12: =IF(AE12=25,AA12*AB12*AC12*AD12*(AE12/1000)*3.853*1,IF(AE12>25,"",IF(AE12<25,""))) | AM12: =IF(AE12=32,AA12*AB12*AC12*AD12*(AE12/1000)*6.313*1,IF(AE12>32,"",IF(AE12<32,""))) | AO12: A | AP12: =SUM(R12:Y12)+SUM(AN12) -> 63.12 | AQ12: =SUM(AF12:AM12) -> 5.0496 | AS12: interpretado: ASvd = cintas horizontais no contorno; 1 emenda 50Ø por cinta | AT12: Interpretado
K13: Esperas PA1, PA2 - 4Ø20 | N13: 2 | O13: 4 | P13: 20 | Q13: =MAX(50*20/1000,$F$7-2*0.05+0.15)+50*20/1000 -> 2 | R13: =IF(P13=6,N13*O13*Q13*0.222*1,IF(P13>6,"",IF(P13<6,""))) | S13: =IF(P13=8,N13*O13*Q13*0.395*1,IF(P13>8,"",IF(P13<8,""))) | T13: =IF(P13=10,N13*O13*Q13*0.617*1,IF(P13>10,"",IF(P13<10,""))) | U13: =IF(P13=12,N13*O13*Q13*0.888*1,IF(P13>12,"",IF(P13<12,""))) | V13: =IF(P13=16,N13*O13*Q13*1.578*1,IF(P13>16,"",IF(P13<16,""))) | W13: =IF(P13=20,N13*O13*Q13*2.466*1,IF(P13>20,"",IF(P13<20,""))) -> 39.456 | X13: =IF(P13=25,N13*O13*Q13*3.853*1,IF(P13>25,"",IF(P13<25,""))) | Y13: =IF(P13=32,N13*O13*Q13*6.313*1,IF(P13>32,"",IF(P13<32,""))) | AA13: =IF(AC13>0,N13,"") | AB13: =IF(AC13>0,O13,"") | AE13: =IF(AC13>0,P13,"") | AF13: =IF(AE13=6,AA13*AB13*AC13*AD13*(AE13/1000)*0.222*1,IF(AE13>6,"",IF(AE13<6,""))) | AG13: =IF(AE13=8,AA13*AB13*AC13*AD13*(AE13/1000)*0.395*1,IF(AE13>8,"",IF(AE13<8,""))) | AH13: =IF(AE13=10,AA13*AB13*AC13*AD13*(AE13/1000)*0.617*1,IF(AE13>10,"",IF(AE13<10,""))) | AI13: =IF(AE13=12,AA13*AB13*AC13*AD13*(AE13/1000)*0.888*1,IF(AE13>12,"",IF(AE13<12,""))) | AJ13: =IF(AE13=16,AA13*AB13*AC13*AD13*(AE13/1000)*1.578*1,IF(AE13>16,"",IF(AE13<16,""))) | AK13: =IF(AE13=20,AA13*AB13*AC13*AD13*(AE13/1000)*2.466*1,IF(AE13>20,"",IF(AE13<20,""))) | AL13: =IF(AE13=25,AA13*AB13*AC13*AD13*(AE13/1000)*3.853*1,IF(AE13>25,"",IF(AE13<25,""))) | AM13: =IF(AE13=32,AA13*AB13*AC13*AD13*(AE13/1000)*6.313*1,IF(AE13>32,"",IF(AE13<32,""))) | AO13: A | AP13: =SUM(R13:Y13)+SUM(AN13) -> 39.456 | AQ13: =SUM(AF13:AM13) -> 0 | AS13: amarração 50Ø na sapata + sobreposição 50Ø acima do topo (ES0101 pormenor tipo; notas emendas) | AT13: Interpretado
B15: S7 (PA4, PA5) | C15: 1 | D15: 1.5 | E15: 2.7 | F15: 0.5 | G15: =C15*D15*E15*F15 -> 2.025 | I15: =2*(D15+E15)*F15*C15 -> 4.2 | R15: =IF(P15=6,N15*O15*Q15*0.222*1,IF(P15>6,"",IF(P15<6,""))) | S15: =IF(P15=8,N15*O15*Q15*0.395*1,IF(P15>8,"",IF(P15<8,""))) | T15: =IF(P15=10,N15*O15*Q15*0.617*1,IF(P15>10,"",IF(P15<10,""))) | U15: =IF(P15=12,N15*O15*Q15*0.888*1,IF(P15>12,"",IF(P15<12,""))) | V15: =IF(P15=16,N15*O15*Q15*1.578*1,IF(P15>16,"",IF(P15<16,""))) | W15: =IF(P15=20,N15*O15*Q15*2.466*1,IF(P15>20,"",IF(P15<20,""))) | X15: =IF(P15=25,N15*O15*Q15*3.853*1,IF(P15>25,"",IF(P15<25,""))) | Y15: =IF(P15=32,N15*O15*Q15*6.313*1,IF(P15>32,"",IF(P15<32,""))) | AA15: =IF(AC15>0,N15,"") | AB15: =IF(AC15>0,O15,"") | AE15: =IF(AC15>0,P15,"") | AF15: =IF(AE15=6,AA15*AB15*AC15*AD15*(AE15/1000)*0.222*1,IF(AE15>6,"",IF(AE15<6,""))) | AG15: =IF(AE15=8,AA15*AB15*AC15*AD15*(AE15/1000)*0.395*1,IF(AE15>8,"",IF(AE15<8,""))) | AH15: =IF(AE15=10,AA15*AB15*AC15*AD15*(AE15/1000)*0.617*1,IF(AE15>10,"",IF(AE15<10,""))) | AI15: =IF(AE15=12,AA15*AB15*AC15*AD15*(AE15/1000)*0.888*1,IF(AE15>12,"",IF(AE15<12,""))) | AJ15: =IF(AE15=16,AA15*AB15*AC15*AD15*(AE15/1000)*1.578*1,IF(AE15>16,"",IF(AE15<16,""))) | AK15: =IF(AE15=20,AA15*AB15*AC15*AD15*(AE15/1000)*2.466*1,IF(AE15>20,"",IF(AE15<20,""))) | AL15: =IF(AE15=25,AA15*AB15*AC15*AD15*(AE15/1000)*3.853*1,IF(AE15>25,"",IF(AE15<25,""))) | AM15: =IF(AE15=32,AA15*AB15*AC15*AD15*(AE15/1000)*6.313*1,IF(AE15>32,"",IF(AE15<32,""))) | AO15: A | AP15: =SUM(R15:Y15)+SUM(AN15) -> 0 | AQ15: =SUM(AF15:AM15) -> 0 | AR15: 2.025 | AS15: ES0101 quadro sapatas Zona A; Revit 1374101 | AT15: Extraído
K16: AS inf xx Ø12//0.10 | L16: =$E$15-2*0.05 -> 2.6 | M16: 0.1 | N16: =$C$15 -> 1 | O16: =CEILING(L16/M16,1)+1 -> 27 | P16: 12 | Q16: =$D$15-2*0.05+2*($F$15-2*0.05) -> 2.2 | R16: =IF(P16=6,N16*O16*Q16*0.222*1,IF(P16>6,"",IF(P16<6,""))) | S16: =IF(P16=8,N16*O16*Q16*0.395*1,IF(P16>8,"",IF(P16<8,""))) | T16: =IF(P16=10,N16*O16*Q16*0.617*1,IF(P16>10,"",IF(P16<10,""))) | U16: =IF(P16=12,N16*O16*Q16*0.888*1,IF(P16>12,"",IF(P16<12,""))) -> 52.7472 | V16: =IF(P16=16,N16*O16*Q16*1.578*1,IF(P16>16,"",IF(P16<16,""))) | W16: =IF(P16=20,N16*O16*Q16*2.466*1,IF(P16>20,"",IF(P16<20,""))) | X16: =IF(P16=25,N16*O16*Q16*3.853*1,IF(P16>25,"",IF(P16<25,""))) | Y16: =IF(P16=32,N16*O16*Q16*6.313*1,IF(P16>32,"",IF(P16<32,""))) | AA16: =IF(AC16>0,N16,"") | AB16: =IF(AC16>0,O16,"") | AE16: =IF(AC16>0,P16,"") | AF16: =IF(AE16=6,AA16*AB16*AC16*AD16*(AE16/1000)*0.222*1,IF(AE16>6,"",IF(AE16<6,""))) | AG16: =IF(AE16=8,AA16*AB16*AC16*AD16*(AE16/1000)*0.395*1,IF(AE16>8,"",IF(AE16<8,""))) | AH16: =IF(AE16=10,AA16*AB16*AC16*AD16*(AE16/1000)*0.617*1,IF(AE16>10,"",IF(AE16<10,""))) | AI16: =IF(AE16=12,AA16*AB16*AC16*AD16*(AE16/1000)*0.888*1,IF(AE16>12,"",IF(AE16<12,""))) | AJ16: =IF(AE16=16,AA16*AB16*AC16*AD16*(AE16/1000)*1.578*1,IF(AE16>16,"",IF(AE16<16,""))) | AK16: =IF(AE16=20,AA16*AB16*AC16*AD16*(AE16/1000)*2.466*1,IF(AE16>20,"",IF(AE16<20,""))) | AL16: =IF(AE16=25,AA16*AB16*AC16*AD16*(AE16/1000)*3.853*1,IF(AE16>25,"",IF(AE16<25,""))) | AM16: =IF(AE16=32,AA16*AB16*AC16*AD16*(AE16/1000)*6.313*1,IF(AE16>32,"",IF(AE16<32,""))) | AO16: A | AP16: =SUM(R16:Y16)+SUM(AN16) -> 52.7472 | AQ16: =SUM(AF16:AM16) -> 0 | AS16: varão em U (abas até à face oposta); recobrimento 5 cm (ES0101 pormenor tipo de sapatas) | AT16: Calculado
K17: AS inf yy Ø12//0.10 | L17: =$D$15-2*0.05 -> 1.4 | M17: 0.1 | N17: =$C$15 -> 1 | O17: =CEILING(L17/M17,1)+1 -> 15 | P17: 12 | Q17: =$E$15-2*0.05+2*($F$15-2*0.05) -> 3.4 | R17: =IF(P17=6,N17*O17*Q17*0.222*1,IF(P17>6,"",IF(P17<6,""))) | S17: =IF(P17=8,N17*O17*Q17*0.395*1,IF(P17>8,"",IF(P17<8,""))) | T17: =IF(P17=10,N17*O17*Q17*0.617*1,IF(P17>10,"",IF(P17<10,""))) | U17: =IF(P17=12,N17*O17*Q17*0.888*1,IF(P17>12,"",IF(P17<12,""))) -> 45.288 | V17: =IF(P17=16,N17*O17*Q17*1.578*1,IF(P17>16,"",IF(P17<16,""))) | W17: =IF(P17=20,N17*O17*Q17*2.466*1,IF(P17>20,"",IF(P17<20,""))) | X17: =IF(P17=25,N17*O17*Q17*3.853*1,IF(P17>25,"",IF(P17<25,""))) | Y17: =IF(P17=32,N17*O17*Q17*6.313*1,IF(P17>32,"",IF(P17<32,""))) | AA17: =IF(AC17>0,N17,"") | AB17: =IF(AC17>0,O17,"") | AE17: =IF(AC17>0,P17,"") | AF17: =IF(AE17=6,AA17*AB17*AC17*AD17*(AE17/1000)*0.222*1,IF(AE17>6,"",IF(AE17<6,""))) | AG17: =IF(AE17=8,AA17*AB17*AC17*AD17*(AE17/1000)*0.395*1,IF(AE17>8,"",IF(AE17<8,""))) | AH17: =IF(AE17=10,AA17*AB17*AC17*AD17*(AE17/1000)*0.617*1,IF(AE17>10,"",IF(AE17<10,""))) | AI17: =IF(AE17=12,AA17*AB17*AC17*AD17*(AE17/1000)*0.888*1,IF(AE17>12,"",IF(AE17<12,""))) | AJ17: =IF(AE17=16,AA17*AB17*AC17*AD17*(AE17/1000)*1.578*1,IF(AE17>16,"",IF(AE17<16,""))) | AK17: =IF(AE17=20,AA17*AB17*AC17*AD17*(AE17/1000)*2.466*1,IF(AE17>20,"",IF(AE17<20,""))) | AL17: =IF(AE17=25,AA17*AB17*AC17*AD17*(AE17/1000)*3.853*1,IF(AE17>25,"",IF(AE17<25,""))) | AM17: =IF(AE17=32,AA17*AB17*AC17*AD17*(AE17/1000)*6.313*1,IF(AE17>32,"",IF(AE17<32,""))) | AO17: A | AP17: =SUM(R17:Y17)+SUM(AN17) -> 45.288 | AQ17: =SUM(AF17:AM17) -> 0 | AS17: varão em U (abas até à face oposta); recobrimento 5 cm (ES0101 pormenor tipo de sapatas) | AT17: Calculado
K18: AS sup xx Ø12//0.10 | L18: =$E$15-2*0.05 -> 2.6 | M18: 0.1 | N18: =$C$15 -> 1 | O18: =CEILING(L18/M18,1)+1 -> 27 | P18: 12 | Q18: =$D$15-2*0.05+2*($F$15-2*0.05) -> 2.2 | R18: =IF(P18=6,N18*O18*Q18*0.222*1,IF(P18>6,"",IF(P18<6,""))) | S18: =IF(P18=8,N18*O18*Q18*0.395*1,IF(P18>8,"",IF(P18<8,""))) | T18: =IF(P18=10,N18*O18*Q18*0.617*1,IF(P18>10,"",IF(P18<10,""))) | U18: =IF(P18=12,N18*O18*Q18*0.888*1,IF(P18>12,"",IF(P18<12,""))) -> 52.7472 | V18: =IF(P18=16,N18*O18*Q18*1.578*1,IF(P18>16,"",IF(P18<16,""))) | W18: =IF(P18=20,N18*O18*Q18*2.466*1,IF(P18>20,"",IF(P18<20,""))) | X18: =IF(P18=25,N18*O18*Q18*3.853*1,IF(P18>25,"",IF(P18<25,""))) | Y18: =IF(P18=32,N18*O18*Q18*6.313*1,IF(P18>32,"",IF(P18<32,""))) | AA18: =IF(AC18>0,N18,"") | AB18: =IF(AC18>0,O18,"") | AE18: =IF(AC18>0,P18,"") | AF18: =IF(AE18=6,AA18*AB18*AC18*AD18*(AE18/1000)*0.222*1,IF(AE18>6,"",IF(AE18<6,""))) | AG18: =IF(AE18=8,AA18*AB18*AC18*AD18*(AE18/1000)*0.395*1,IF(AE18>8,"",IF(AE18<8,""))) | AH18: =IF(AE18=10,AA18*AB18*AC18*AD18*(AE18/1000)*0.617*1,IF(AE18>10,"",IF(AE18<10,""))) | AI18: =IF(AE18=12,AA18*AB18*AC18*AD18*(AE18/1000)*0.888*1,IF(AE18>12,"",IF(AE18<12,""))) | AJ18: =IF(AE18=16,AA18*AB18*AC18*AD18*(AE18/1000)*1.578*1,IF(AE18>16,"",IF(AE18<16,""))) | AK18: =IF(AE18=20,AA18*AB18*AC18*AD18*(AE18/1000)*2.466*1,IF(AE18>20,"",IF(AE18<20,""))) | AL18: =IF(AE18=25,AA18*AB18*AC18*AD18*(AE18/1000)*3.853*1,IF(AE18>25,"",IF(AE18<25,""))) | AM18: =IF(AE18=32,AA18*AB18*AC18*AD18*(AE18/1000)*6.313*1,IF(AE18>32,"",IF(AE18<32,""))) | AO18: A | AP18: =SUM(R18:Y18)+SUM(AN18) -> 52.7472 | AQ18: =SUM(AF18:AM18) -> 0 | AS18: varão em U (abas até à face oposta); recobrimento 5 cm (ES0101 pormenor tipo de sapatas) | AT18: Calculado
K19: AS sup yy Ø12//0.10 | L19: =$D$15-2*0.05 -> 1.4 | M19: 0.1 | N19: =$C$15 -> 1 | O19: =CEILING(L19/M19,1)+1 -> 15 | P19: 12 | Q19: =$E$15-2*0.05+2*($F$15-2*0.05) -> 3.4 | R19: =IF(P19=6,N19*O19*Q19*0.222*1,IF(P19>6,"",IF(P19<6,""))) | S19: =IF(P19=8,N19*O19*Q19*0.395*1,IF(P19>8,"",IF(P19<8,""))) | T19: =IF(P19=10,N19*O19*Q19*0.617*1,IF(P19>10,"",IF(P19<10,""))) | U19: =IF(P19=12,N19*O19*Q19*0.888*1,IF(P19>12,"",IF(P19<12,""))) -> 45.288 | V19: =IF(P19=16,N19*O19*Q19*1.578*1,IF(P19>16,"",IF(P19<16,""))) | W19: =IF(P19=20,N19*O19*Q19*2.466*1,IF(P19>20,"",IF(P19<20,""))) | X19: =IF(P19=25,N19*O19*Q19*3.853*1,IF(P19>25,"",IF(P19<25,""))) | Y19: =IF(P19=32,N19*O19*Q19*6.313*1,IF(P19>32,"",IF(P19<32,""))) | AA19: =IF(AC19>0,N19,"") | AB19: =IF(AC19>0,O19,"") | AE19: =IF(AC19>0,P19,"") | AF19: =IF(AE19=6,AA19*AB19*AC19*AD19*(AE19/1000)*0.222*1,IF(AE19>6,"",IF(AE19<6,""))) | AG19: =IF(AE19=8,AA19*AB19*AC19*AD19*(AE19/1000)*0.395*1,IF(AE19>8,"",IF(AE19<8,""))) | AH19: =IF(AE19=10,AA19*AB19*AC19*AD19*(AE19/1000)*0.617*1,IF(AE19>10,"",IF(AE19<10,""))) | AI19: =IF(AE19=12,AA19*AB19*AC19*AD19*(AE19/1000)*0.888*1,IF(AE19>12,"",IF(AE19<12,""))) | AJ19: =IF(AE19=16,AA19*AB19*AC19*AD19*(AE19/1000)*1.578*1,IF(AE19>16,"",IF(AE19<16,""))) | AK19: =IF(AE19=20,AA19*AB19*AC19*AD19*(AE19/1000)*2.466*1,IF(AE19>20,"",IF(AE19<20,""))) | AL19: =IF(AE19=25,AA19*AB19*AC19*AD19*(AE19/1000)*3.853*1,IF(AE19>25,"",IF(AE19<25,""))) | AM19: =IF(AE19=32,AA19*AB19*AC19*AD19*(AE19/1000)*6.313*1,IF(AE19>32,"",IF(AE19<32,""))) | AO19: A | AP19: =SUM(R19:Y19)+SUM(AN19) -> 45.288 | AQ19: =SUM(AF19:AM19) -> 0 | AS19: varão em U (abas até à face oposta); recobrimento 5 cm (ES0101 pormenor tipo de sapatas) | AT19: Calculado
K20: AS vd 4Ø12 (cintas perimetrais) | N20: =$C$15 -> 1 | O20: 4 | P20: 12 | Q20: =2*($D$15+$E$15)-8*0.05 -> 8 | R20: =IF(P20=6,N20*O20*Q20*0.222*1,IF(P20>6,"",IF(P20<6,""))) | S20: =IF(P20=8,N20*O20*Q20*0.395*1,IF(P20>8,"",IF(P20<8,""))) | T20: =IF(P20=10,N20*O20*Q20*0.617*1,IF(P20>10,"",IF(P20<10,""))) | U20: =IF(P20=12,N20*O20*Q20*0.888*1,IF(P20>12,"",IF(P20<12,""))) -> 28.416 | V20: =IF(P20=16,N20*O20*Q20*1.578*1,IF(P20>16,"",IF(P20<16,""))) | W20: =IF(P20=20,N20*O20*Q20*2.466*1,IF(P20>20,"",IF(P20<20,""))) | X20: =IF(P20=25,N20*O20*Q20*3.853*1,IF(P20>25,"",IF(P20<25,""))) | Y20: =IF(P20=32,N20*O20*Q20*6.313*1,IF(P20>32,"",IF(P20<32,""))) | AA20: =IF(AC20>0,N20,"") -> 1 | AB20: =IF(AC20>0,O20,"") -> 4 | AC20: 1 | AD20: 50 | AE20: =IF(AC20>0,P20,"") -> 12 | AF20: =IF(AE20=6,AA20*AB20*AC20*AD20*(AE20/1000)*0.222*1,IF(AE20>6,"",IF(AE20<6,""))) | AG20: =IF(AE20=8,AA20*AB20*AC20*AD20*(AE20/1000)*0.395*1,IF(AE20>8,"",IF(AE20<8,""))) | AH20: =IF(AE20=10,AA20*AB20*AC20*AD20*(AE20/1000)*0.617*1,IF(AE20>10,"",IF(AE20<10,""))) | AI20: =IF(AE20=12,AA20*AB20*AC20*AD20*(AE20/1000)*0.888*1,IF(AE20>12,"",IF(AE20<12,""))) -> 2.1312 | AJ20: =IF(AE20=16,AA20*AB20*AC20*AD20*(AE20/1000)*1.578*1,IF(AE20>16,"",IF(AE20<16,""))) | AK20: =IF(AE20=20,AA20*AB20*AC20*AD20*(AE20/1000)*2.466*1,IF(AE20>20,"",IF(AE20<20,""))) | AL20: =IF(AE20=25,AA20*AB20*AC20*AD20*(AE20/1000)*3.853*1,IF(AE20>25,"",IF(AE20<25,""))) | AM20: =IF(AE20=32,AA20*AB20*AC20*AD20*(AE20/1000)*6.313*1,IF(AE20>32,"",IF(AE20<32,""))) | AO20: A | AP20: =SUM(R20:Y20)+SUM(AN20) -> 28.416 | AQ20: =SUM(AF20:AM20) -> 2.1312 | AS20: interpretado: ASvd = cintas horizontais no contorno; 1 emenda 50Ø por cinta | AT20: Interpretado
K21: Esperas PA4, PA5 - 4Ø20 | N21: 2 | O21: 4 | P21: 20 | Q21: =MAX(50*20/1000,$F$15-2*0.05+0.15)+50*20/1000 -> 2 | R21: =IF(P21=6,N21*O21*Q21*0.222*1,IF(P21>6,"",IF(P21<6,""))) | S21: =IF(P21=8,N21*O21*Q21*0.395*1,IF(P21>8,"",IF(P21<8,""))) | T21: =IF(P21=10,N21*O21*Q21*0.617*1,IF(P21>10,"",IF(P21<10,""))) | U21: =IF(P21=12,N21*O21*Q21*0.888*1,IF(P21>12,"",IF(P21<12,""))) | V21: =IF(P21=16,N21*O21*Q21*1.578*1,IF(P21>16,"",IF(P21<16,""))) | W21: =IF(P21=20,N21*O21*Q21*2.466*1,IF(P21>20,"",IF(P21<20,""))) -> 39.456 | X21: =IF(P21=25,N21*O21*Q21*3.853*1,IF(P21>25,"",IF(P21<25,""))) | Y21: =IF(P21=32,N21*O21*Q21*6.313*1,IF(P21>32,"",IF(P21<32,""))) | AA21: =IF(AC21>0,N21,"") | AB21: =IF(AC21>0,O21,"") | AE21: =IF(AC21>0,P21,"") | AF21: =IF(AE21=6,AA21*AB21*AC21*AD21*(AE21/1000)*0.222*1,IF(AE21>6,"",IF(AE21<6,""))) | AG21: =IF(AE21=8,AA21*AB21*AC21*AD21*(AE21/1000)*0.395*1,IF(AE21>8,"",IF(AE21<8,""))) | AH21: =IF(AE21=10,AA21*AB21*AC21*AD21*(AE21/1000)*0.617*1,IF(AE21>10,"",IF(AE21<10,""))) | AI21: =IF(AE21=12,AA21*AB21*AC21*AD21*(AE21/1000)*0.888*1,IF(AE21>12,"",IF(AE21<12,""))) | AJ21: =IF(AE21=16,AA21*AB21*AC21*AD21*(AE21/1000)*1.578*1,IF(AE21>16,"",IF(AE21<16,""))) | AK21: =IF(AE21=20,AA21*AB21*AC21*AD21*(AE21/1000)*2.466*1,IF(AE21>20,"",IF(AE21<20,""))) | AL21: =IF(AE21=25,AA21*AB21*AC21*AD21*(AE21/1000)*3.853*1,IF(AE21>25,"",IF(AE21<25,""))) | AM21: =IF(AE21=32,AA21*AB21*AC21*AD21*(AE21/1000)*6.313*1,IF(AE21>32,"",IF(AE21<32,""))) | AO21: A | AP21: =SUM(R21:Y21)+SUM(AN21) -> 39.456 | AQ21: =SUM(AF21:AM21) -> 0 | AS21: amarração 50Ø na sapata + sobreposição 50Ø acima do topo (ES0101 pormenor tipo; notas emendas) | AT21: Interpretado
B23: S8 (PA7, PA8) | C23: 1 | D23: 1 | E23: 2.35 | F23: 0.5 | G23: =C23*D23*E23*F23 -> 1.175 | I23: =2*(D23+E23)*F23*C23 -> 3.35 | R23: =IF(P23=6,N23*O23*Q23*0.222*1,IF(P23>6,"",IF(P23<6,""))) | S23: =IF(P23=8,N23*O23*Q23*0.395*1,IF(P23>8,"",IF(P23<8,""))) | T23: =IF(P23=10,N23*O23*Q23*0.617*1,IF(P23>10,"",IF(P23<10,""))) | U23: =IF(P23=12,N23*O23*Q23*0.888*1,IF(P23>12,"",IF(P23<12,""))) | V23: =IF(P23=16,N23*O23*Q23*1.578*1,IF(P23>16,"",IF(P23<16,""))) | W23: =IF(P23=20,N23*O23*Q23*2.466*1,IF(P23>20,"",IF(P23<20,""))) | X23: =IF(P23=25,N23*O23*Q23*3.853*1,IF(P23>25,"",IF(P23<25,""))) | Y23: =IF(P23=32,N23*O23*Q23*6.313*1,IF(P23>32,"",IF(P23<32,""))) | AA23: =IF(AC23>0,N23,"") | AB23: =IF(AC23>0,O23,"") | AE23: =IF(AC23>0,P23,"") | AF23: =IF(AE23=6,AA23*AB23*AC23*AD23*(AE23/1000)*0.222*1,IF(AE23>6,"",IF(AE23<6,""))) | AG23: =IF(AE23=8,AA23*AB23*AC23*AD23*(AE23/1000)*0.395*1,IF(AE23>8,"",IF(AE23<8,""))) | AH23: =IF(AE23=10,AA23*AB23*AC23*AD23*(AE23/1000)*0.617*1,IF(AE23>10,"",IF(AE23<10,""))) | AI23: =IF(AE23=12,AA23*AB23*AC23*AD23*(AE23/1000)*0.888*1,IF(AE23>12,"",IF(AE23<12,""))) | AJ23: =IF(AE23=16,AA23*AB23*AC23*AD23*(AE23/1000)*1.578*1,IF(AE23>16,"",IF(AE23<16,""))) | AK23: =IF(AE23=20,AA23*AB23*AC23*AD23*(AE23/1000)*2.466*1,IF(AE23>20,"",IF(AE23<20,""))) | AL23: =IF(AE23=25,AA23*AB23*AC23*AD23*(AE23/1000)*3.853*1,IF(AE23>25,"",IF(AE23<25,""))) | AM23: =IF(AE23=32,AA23*AB23*AC23*AD23*(AE23/1000)*6.313*1,IF(AE23>32,"",IF(AE23<32,""))) | AO23: A | AP23: =SUM(R23:Y23)+SUM(AN23) -> 0 | AQ23: =SUM(AF23:AM23) -> 0 | AR23: 1.175 | AS23: ES0101 quadro sapatas Zona A; Revit 1374092 | AT23: Extraído
K24: AS inf xx Ø12//0.10 | L24: =$E$23-2*0.05 -> 2.25 | M24: 0.1 | N24: =$C$23 -> 1 | O24: =CEILING(L24/M24,1)+1 -> 24 | P24: 12 | Q24: =$D$23-2*0.05+2*($F$23-2*0.05) -> 1.7 | R24: =IF(P24=6,N24*O24*Q24*0.222*1,IF(P24>6,"",IF(P24<6,""))) | S24: =IF(P24=8,N24*O24*Q24*0.395*1,IF(P24>8,"",IF(P24<8,""))) | T24: =IF(P24=10,N24*O24*Q24*0.617*1,IF(P24>10,"",IF(P24<10,""))) | U24: =IF(P24=12,N24*O24*Q24*0.888*1,IF(P24>12,"",IF(P24<12,""))) -> 36.2304 | V24: =IF(P24=16,N24*O24*Q24*1.578*1,IF(P24>16,"",IF(P24<16,""))) | W24: =IF(P24=20,N24*O24*Q24*2.466*1,IF(P24>20,"",IF(P24<20,""))) | X24: =IF(P24=25,N24*O24*Q24*3.853*1,IF(P24>25,"",IF(P24<25,""))) | Y24: =IF(P24=32,N24*O24*Q24*6.313*1,IF(P24>32,"",IF(P24<32,""))) | AA24: =IF(AC24>0,N24,"") | AB24: =IF(AC24>0,O24,"") | AE24: =IF(AC24>0,P24,"") | AF24: =IF(AE24=6,AA24*AB24*AC24*AD24*(AE24/1000)*0.222*1,IF(AE24>6,"",IF(AE24<6,""))) | AG24: =IF(AE24=8,AA24*AB24*AC24*AD24*(AE24/1000)*0.395*1,IF(AE24>8,"",IF(AE24<8,""))) | AH24: =IF(AE24=10,AA24*AB24*AC24*AD24*(AE24/1000)*0.617*1,IF(AE24>10,"",IF(AE24<10,""))) | AI24: =IF(AE24=12,AA24*AB24*AC24*AD24*(AE24/1000)*0.888*1,IF(AE24>12,"",IF(AE24<12,""))) | AJ24: =IF(AE24=16,AA24*AB24*AC24*AD24*(AE24/1000)*1.578*1,IF(AE24>16,"",IF(AE24<16,""))) | AK24: =IF(AE24=20,AA24*AB24*AC24*AD24*(AE24/1000)*2.466*1,IF(AE24>20,"",IF(AE24<20,""))) | AL24: =IF(AE24=25,AA24*AB24*AC24*AD24*(AE24/1000)*3.853*1,IF(AE24>25,"",IF(AE24<25,""))) | AM24: =IF(AE24=32,AA24*AB24*AC24*AD24*(AE24/1000)*6.313*1,IF(AE24>32,"",IF(AE24<32,""))) | AO24: A | AP24: =SUM(R24:Y24)+SUM(AN24) -> 36.2304 | AQ24: =SUM(AF24:AM24) -> 0 | AS24: varão em U (abas até à face oposta); recobrimento 5 cm (ES0101 pormenor tipo de sapatas) | AT24: Calculado
K25: AS inf yy Ø12//0.10 | L25: =$D$23-2*0.05 -> 0.9 | M25: 0.1 | N25: =$C$23 -> 1 | O25: =CEILING(L25/M25,1)+1 -> 10 | P25: 12 | Q25: =$E$23-2*0.05+2*($F$23-2*0.05) -> 3.05 | R25: =IF(P25=6,N25*O25*Q25*0.222*1,IF(P25>6,"",IF(P25<6,""))) | S25: =IF(P25=8,N25*O25*Q25*0.395*1,IF(P25>8,"",IF(P25<8,""))) | T25: =IF(P25=10,N25*O25*Q25*0.617*1,IF(P25>10,"",IF(P25<10,""))) | U25: =IF(P25=12,N25*O25*Q25*0.888*1,IF(P25>12,"",IF(P25<12,""))) -> 27.084 | V25: =IF(P25=16,N25*O25*Q25*1.578*1,IF(P25>16,"",IF(P25<16,""))) | W25: =IF(P25=20,N25*O25*Q25*2.466*1,IF(P25>20,"",IF(P25<20,""))) | X25: =IF(P25=25,N25*O25*Q25*3.853*1,IF(P25>25,"",IF(P25<25,""))) | Y25: =IF(P25=32,N25*O25*Q25*6.313*1,IF(P25>32,"",IF(P25<32,""))) | AA25: =IF(AC25>0,N25,"") | AB25: =IF(AC25>0,O25,"") | AE25: =IF(AC25>0,P25,"") | AF25: =IF(AE25=6,AA25*AB25*AC25*AD25*(AE25/1000)*0.222*1,IF(AE25>6,"",IF(AE25<6,""))) | AG25: =IF(AE25=8,AA25*AB25*AC25*AD25*(AE25/1000)*0.395*1,IF(AE25>8,"",IF(AE25<8,""))) | AH25: =IF(AE25=10,AA25*AB25*AC25*AD25*(AE25/1000)*0.617*1,IF(AE25>10,"",IF(AE25<10,""))) | AI25: =IF(AE25=12,AA25*AB25*AC25*AD25*(AE25/1000)*0.888*1,IF(AE25>12,"",IF(AE25<12,""))) | AJ25: =IF(AE25=16,AA25*AB25*AC25*AD25*(AE25/1000)*1.578*1,IF(AE25>16,"",IF(AE25<16,""))) | AK25: =IF(AE25=20,AA25*AB25*AC25*AD25*(AE25/1000)*2.466*1,IF(AE25>20,"",IF(AE25<20,""))) | AL25: =IF(AE25=25,AA25*AB25*AC25*AD25*(AE25/1000)*3.853*1,IF(AE25>25,"",IF(AE25<25,""))) | AM25: =IF(AE25=32,AA25*AB25*AC25*AD25*(AE25/1000)*6.313*1,IF(AE25>32,"",IF(AE25<32,""))) | AO25: A | AP25: =SUM(R25:Y25)+SUM(AN25) -> 27.084 | AQ25: =SUM(AF25:AM25) -> 0 | AS25: varão em U (abas até à face oposta); recobrimento 5 cm (ES0101 pormenor tipo de sapatas) | AT25: Calculado
K26: AS sup xx Ø12//0.10 | L26: =$E$23-2*0.05 -> 2.25 | M26: 0.1 | N26: =$C$23 -> 1 | O26: =CEILING(L26/M26,1)+1 -> 24 | P26: 12 | Q26: =$D$23-2*0.05+2*($F$23-2*0.05) -> 1.7 | R26: =IF(P26=6,N26*O26*Q26*0.222*1,IF(P26>6,"",IF(P26<6,""))) | S26: =IF(P26=8,N26*O26*Q26*0.395*1,IF(P26>8,"",IF(P26<8,""))) | T26: =IF(P26=10,N26*O26*Q26*0.617*1,IF(P26>10,"",IF(P26<10,""))) | U26: =IF(P26=12,N26*O26*Q26*0.888*1,IF(P26>12,"",IF(P26<12,""))) -> 36.2304 | V26: =IF(P26=16,N26*O26*Q26*1.578*1,IF(P26>16,"",IF(P26<16,""))) | W26: =IF(P26=20,N26*O26*Q26*2.466*1,IF(P26>20,"",IF(P26<20,""))) | X26: =IF(P26=25,N26*O26*Q26*3.853*1,IF(P26>25,"",IF(P26<25,""))) | Y26: =IF(P26=32,N26*O26*Q26*6.313*1,IF(P26>32,"",IF(P26<32,""))) | AA26: =IF(AC26>0,N26,"") | AB26: =IF(AC26>0,O26,"") | AE26: =IF(AC26>0,P26,"") | AF26: =IF(AE26=6,AA26*AB26*AC26*AD26*(AE26/1000)*0.222*1,IF(AE26>6,"",IF(AE26<6,""))) | AG26: =IF(AE26=8,AA26*AB26*AC26*AD26*(AE26/1000)*0.395*1,IF(AE26>8,"",IF(AE26<8,""))) | AH26: =IF(AE26=10,AA26*AB26*AC26*AD26*(AE26/1000)*0.617*1,IF(AE26>10,"",IF(AE26<10,""))) | AI26: =IF(AE26=12,AA26*AB26*AC26*AD26*(AE26/1000)*0.888*1,IF(AE26>12,"",IF(AE26<12,""))) | AJ26: =IF(AE26=16,AA26*AB26*AC26*AD26*(AE26/1000)*1.578*1,IF(AE26>16,"",IF(AE26<16,""))) | AK26: =IF(AE26=20,AA26*AB26*AC26*AD26*(AE26/1000)*2.466*1,IF(AE26>20,"",IF(AE26<20,""))) | AL26: =IF(AE26=25,AA26*AB26*AC26*AD26*(AE26/1000)*3.853*1,IF(AE26>25,"",IF(AE26<25,""))) | AM26: =IF(AE26=32,AA26*AB26*AC26*AD26*(AE26/1000)*6.313*1,IF(AE26>32,"",IF(AE26<32,""))) | AO26: A | AP26: =SUM(R26:Y26)+SUM(AN26) -> 36.2304 | AQ26: =SUM(AF26:AM26) -> 0 | AS26: varão em U (abas até à face oposta); recobrimento 5 cm (ES0101 pormenor tipo de sapatas) | AT26: Calculado
K27: AS sup yy Ø12//0.10 | L27: =$D$23-2*0.05 -> 0.9 | M27: 0.1 | N27: =$C$23 -> 1 | O27: =CEILING(L27/M27,1)+1 -> 10 | P27: 12 | Q27: =$E$23-2*0.05+2*($F$23-2*0.05) -> 3.05 | R27: =IF(P27=6,N27*O27*Q27*0.222*1,IF(P27>6,"",IF(P27<6,""))) | S27: =IF(P27=8,N27*O27*Q27*0.395*1,IF(P27>8,"",IF(P27<8,""))) | T27: =IF(P27=10,N27*O27*Q27*0.617*1,IF(P27>10,"",IF(P27<10,""))) | U27: =IF(P27=12,N27*O27*Q27*0.888*1,IF(P27>12,"",IF(P27<12,""))) -> 27.084 | V27: =IF(P27=16,N27*O27*Q27*1.578*1,IF(P27>16,"",IF(P27<16,""))) | W27: =IF(P27=20,N27*O27*Q27*2.466*1,IF(P27>20,"",IF(P27<20,""))) | X27: =IF(P27=25,N27*O27*Q27*3.853*1,IF(P27>25,"",IF(P27<25,""))) | Y27: =IF(P27=32,N27*O27*Q27*6.313*1,IF(P27>32,"",IF(P27<32,""))) | AA27: =IF(AC27>0,N27,"") | AB27: =IF(AC27>0,O27,"") | AE27: =IF(AC27>0,P27,"") | AF27: =IF(AE27=6,AA27*AB27*AC27*AD27*(AE27/1000)*0.222*1,IF(AE27>6,"",IF(AE27<6,""))) | AG27: =IF(AE27=8,AA27*AB27*AC27*AD27*(AE27/1000)*0.395*1,IF(AE27>8,"",IF(AE27<8,""))) | AH27: =IF(AE27=10,AA27*AB27*AC27*AD27*(AE27/1000)*0.617*1,IF(AE27>10,"",IF(AE27<10,""))) | AI27: =IF(AE27=12,AA27*AB27*AC27*AD27*(AE27/1000)*0.888*1,IF(AE27>12,"",IF(AE27<12,""))) | AJ27: =IF(AE27=16,AA27*AB27*AC27*AD27*(AE27/1000)*1.578*1,IF(AE27>16,"",IF(AE27<16,""))) | AK27: =IF(AE27=20,AA27*AB27*AC27*AD27*(AE27/1000)*2.466*1,IF(AE27>20,"",IF(AE27<20,""))) | AL27: =IF(AE27=25,AA27*AB27*AC27*AD27*(AE27/1000)*3.853*1,IF(AE27>25,"",IF(AE27<25,""))) | AM27: =IF(AE27=32,AA27*AB27*AC27*AD27*(AE27/1000)*6.313*1,IF(AE27>32,"",IF(AE27<32,""))) | AO27: A | AP27: =SUM(R27:Y27)+SUM(AN27) -> 27.084 | AQ27: =SUM(AF27:AM27) -> 0 | AS27: varão em U (abas até à face oposta); recobrimento 5 cm (ES0101 pormenor tipo de sapatas) | AT27: Calculado
K28: AS vd 4Ø12 (cintas perimetrais) | N28: =$C$23 -> 1 | O28: 4 | P28: 12 | Q28: =2*($D$23+$E$23)-8*0.05 -> 6.3 | R28: =IF(P28=6,N28*O28*Q28*0.222*1,IF(P28>6,"",IF(P28<6,""))) | S28: =IF(P28=8,N28*O28*Q28*0.395*1,IF(P28>8,"",IF(P28<8,""))) | T28: =IF(P28=10,N28*O28*Q28*0.617*1,IF(P28>10,"",IF(P28<10,""))) | U28: =IF(P28=12,N28*O28*Q28*0.888*1,IF(P28>12,"",IF(P28<12,""))) -> 22.3776 | V28: =IF(P28=16,N28*O28*Q28*1.578*1,IF(P28>16,"",IF(P28<16,""))) | W28: =IF(P28=20,N28*O28*Q28*2.466*1,IF(P28>20,"",IF(P28<20,""))) | X28: =IF(P28=25,N28*O28*Q28*3.853*1,IF(P28>25,"",IF(P28<25,""))) | Y28: =IF(P28=32,N28*O28*Q28*6.313*1,IF(P28>32,"",IF(P28<32,""))) | AA28: =IF(AC28>0,N28,"") -> 1 | AB28: =IF(AC28>0,O28,"") -> 4 | AC28: 1 | AD28: 50 | AE28: =IF(AC28>0,P28,"") -> 12 | AF28: =IF(AE28=6,AA28*AB28*AC28*AD28*(AE28/1000)*0.222*1,IF(AE28>6,"",IF(AE28<6,""))) | AG28: =IF(AE28=8,AA28*AB28*AC28*AD28*(AE28/1000)*0.395*1,IF(AE28>8,"",IF(AE28<8,""))) | AH28: =IF(AE28=10,AA28*AB28*AC28*AD28*(AE28/1000)*0.617*1,IF(AE28>10,"",IF(AE28<10,""))) | AI28: =IF(AE28=12,AA28*AB28*AC28*AD28*(AE28/1000)*0.888*1,IF(AE28>12,"",IF(AE28<12,""))) -> 2.1312 | AJ28: =IF(AE28=16,AA28*AB28*AC28*AD28*(AE28/1000)*1.578*1,IF(AE28>16,"",IF(AE28<16,""))) | AK28: =IF(AE28=20,AA28*AB28*AC28*AD28*(AE28/1000)*2.466*1,IF(AE28>20,"",IF(AE28<20,""))) | AL28: =IF(AE28=25,AA28*AB28*AC28*AD28*(AE28/1000)*3.853*1,IF(AE28>25,"",IF(AE28<25,""))) | AM28: =IF(AE28=32,AA28*AB28*AC28*AD28*(AE28/1000)*6.313*1,IF(AE28>32,"",IF(AE28<32,""))) | AO28: A | AP28: =SUM(R28:Y28)+SUM(AN28) -> 22.3776 | AQ28: =SUM(AF28:AM28) -> 2.1312 | AS28: interpretado: ASvd = cintas horizontais no contorno; 1 emenda 50Ø por cinta | AT28: Interpretado
K29: Esperas PA8 - 4Ø20 | N29: 1 | O29: 4 | P29: 20 | Q29: =MAX(50*20/1000,$F$23-2*0.05+0.15)+50*20/1000 -> 2 | R29: =IF(P29=6,N29*O29*Q29*0.222*1,IF(P29>6,"",IF(P29<6,""))) | S29: =IF(P29=8,N29*O29*Q29*0.395*1,IF(P29>8,"",IF(P29<8,""))) | T29: =IF(P29=10,N29*O29*Q29*0.617*1,IF(P29>10,"",IF(P29<10,""))) | U29: =IF(P29=12,N29*O29*Q29*0.888*1,IF(P29>12,"",IF(P29<12,""))) | V29: =IF(P29=16,N29*O29*Q29*1.578*1,IF(P29>16,"",IF(P29<16,""))) | W29: =IF(P29=20,N29*O29*Q29*2.466*1,IF(P29>20,"",IF(P29<20,""))) -> 19.728 | X29: =IF(P29=25,N29*O29*Q29*3.853*1,IF(P29>25,"",IF(P29<25,""))) | Y29: =IF(P29=32,N29*O29*Q29*6.313*1,IF(P29>32,"",IF(P29<32,""))) | AA29: =IF(AC29>0,N29,"") | AB29: =IF(AC29>0,O29,"") | AE29: =IF(AC29>0,P29,"") | AF29: =IF(AE29=6,AA29*AB29*AC29*AD29*(AE29/1000)*0.222*1,IF(AE29>6,"",IF(AE29<6,""))) | AG29: =IF(AE29=8,AA29*AB29*AC29*AD29*(AE29/1000)*0.395*1,IF(AE29>8,"",IF(AE29<8,""))) | AH29: =IF(AE29=10,AA29*AB29*AC29*AD29*(AE29/1000)*0.617*1,IF(AE29>10,"",IF(AE29<10,""))) | AI29: =IF(AE29=12,AA29*AB29*AC29*AD29*(AE29/1000)*0.888*1,IF(AE29>12,"",IF(AE29<12,""))) | AJ29: =IF(AE29=16,AA29*AB29*AC29*AD29*(AE29/1000)*1.578*1,IF(AE29>16,"",IF(AE29<16,""))) | AK29: =IF(AE29=20,AA29*AB29*AC29*AD29*(AE29/1000)*2.466*1,IF(AE29>20,"",IF(AE29<20,""))) | AL29: =IF(AE29=25,AA29*AB29*AC29*AD29*(AE29/1000)*3.853*1,IF(AE29>25,"",IF(AE29<25,""))) | AM29: =IF(AE29=32,AA29*AB29*AC29*AD29*(AE29/1000)*6.313*1,IF(AE29>32,"",IF(AE29<32,""))) | AO29: A | AP29: =SUM(R29:Y29)+SUM(AN29) -> 19.728 | AQ29: =SUM(AF29:AM29) -> 0 | AS29: amarração 50Ø na sapata + sobreposição 50Ø acima do topo (ES0101 pormenor tipo; notas emendas) | AT29: Interpretado
K30: Esperas PA7 - 4Ø16 | N30: 1 | O30: 4 | P30: 16 | Q30: =MAX(50*16/1000,$F$23-2*0.05+0.15)+50*16/1000 -> 1.6 | R30: =IF(P30=6,N30*O30*Q30*0.222*1,IF(P30>6,"",IF(P30<6,""))) | S30: =IF(P30=8,N30*O30*Q30*0.395*1,IF(P30>8,"",IF(P30<8,""))) | T30: =IF(P30=10,N30*O30*Q30*0.617*1,IF(P30>10,"",IF(P30<10,""))) | U30: =IF(P30=12,N30*O30*Q30*0.888*1,IF(P30>12,"",IF(P30<12,""))) | V30: =IF(P30=16,N30*O30*Q30*1.578*1,IF(P30>16,"",IF(P30<16,""))) -> 10.0992 | W30: =IF(P30=20,N30*O30*Q30*2.466*1,IF(P30>20,"",IF(P30<20,""))) | X30: =IF(P30=25,N30*O30*Q30*3.853*1,IF(P30>25,"",IF(P30<25,""))) | Y30: =IF(P30=32,N30*O30*Q30*6.313*1,IF(P30>32,"",IF(P30<32,""))) | AA30: =IF(AC30>0,N30,"") | AB30: =IF(AC30>0,O30,"") | AE30: =IF(AC30>0,P30,"") | AF30: =IF(AE30=6,AA30*AB30*AC30*AD30*(AE30/1000)*0.222*1,IF(AE30>6,"",IF(AE30<6,""))) | AG30: =IF(AE30=8,AA30*AB30*AC30*AD30*(AE30/1000)*0.395*1,IF(AE30>8,"",IF(AE30<8,""))) | AH30: =IF(AE30=10,AA30*AB30*AC30*AD30*(AE30/1000)*0.617*1,IF(AE30>10,"",IF(AE30<10,""))) | AI30: =IF(AE30=12,AA30*AB30*AC30*AD30*(AE30/1000)*0.888*1,IF(AE30>12,"",IF(AE30<12,""))) | AJ30: =IF(AE30=16,AA30*AB30*AC30*AD30*(AE30/1000)*1.578*1,IF(AE30>16,"",IF(AE30<16,""))) | AK30: =IF(AE30=20,AA30*AB30*AC30*AD30*(AE30/1000)*2.466*1,IF(AE30>20,"",IF(AE30<20,""))) | AL30: =IF(AE30=25,AA30*AB30*AC30*AD30*(AE30/1000)*3.853*1,IF(AE30>25,"",IF(AE30<25,""))) | AM30: =IF(AE30=32,AA30*AB30*AC30*AD30*(AE30/1000)*6.313*1,IF(AE30>32,"",IF(AE30<32,""))) | AO30: A | AP30: =SUM(R30:Y30)+SUM(AN30) -> 10.0992 | AQ30: =SUM(AF30:AM30) -> 0 | AS30: amarração 50Ø na sapata + sobreposição 50Ø acima do topo (ES0101 pormenor tipo; notas emendas) | AT30: Interpretado
K31: Esperas PA7 - 2Ø12 | N31: 1 | O31: 2 | P31: 12 | Q31: =MAX(50*12/1000,$F$23-2*0.05+0.15)+50*12/1000 -> 1.2 | R31: =IF(P31=6,N31*O31*Q31*0.222*1,IF(P31>6,"",IF(P31<6,""))) | S31: =IF(P31=8,N31*O31*Q31*0.395*1,IF(P31>8,"",IF(P31<8,""))) | T31: =IF(P31=10,N31*O31*Q31*0.617*1,IF(P31>10,"",IF(P31<10,""))) | U31: =IF(P31=12,N31*O31*Q31*0.888*1,IF(P31>12,"",IF(P31<12,""))) -> 2.1312 | V31: =IF(P31=16,N31*O31*Q31*1.578*1,IF(P31>16,"",IF(P31<16,""))) | W31: =IF(P31=20,N31*O31*Q31*2.466*1,IF(P31>20,"",IF(P31<20,""))) | X31: =IF(P31=25,N31*O31*Q31*3.853*1,IF(P31>25,"",IF(P31<25,""))) | Y31: =IF(P31=32,N31*O31*Q31*6.313*1,IF(P31>32,"",IF(P31<32,""))) | AA31: =IF(AC31>0,N31,"") | AB31: =IF(AC31>0,O31,"") | AE31: =IF(AC31>0,P31,"") | AF31: =IF(AE31=6,AA31*AB31*AC31*AD31*(AE31/1000)*0.222*1,IF(AE31>6,"",IF(AE31<6,""))) | AG31: =IF(AE31=8,AA31*AB31*AC31*AD31*(AE31/1000)*0.395*1,IF(AE31>8,"",IF(AE31<8,""))) | AH31: =IF(AE31=10,AA31*AB31*AC31*AD31*(AE31/1000)*0.617*1,IF(AE31>10,"",IF(AE31<10,""))) | AI31: =IF(AE31=12,AA31*AB31*AC31*AD31*(AE31/1000)*0.888*1,IF(AE31>12,"",IF(AE31<12,""))) | AJ31: =IF(AE31=16,AA31*AB31*AC31*AD31*(AE31/1000)*1.578*1,IF(AE31>16,"",IF(AE31<16,""))) | AK31: =IF(AE31=20,AA31*AB31*AC31*AD31*(AE31/1000)*2.466*1,IF(AE31>20,"",IF(AE31<20,""))) | AL31: =IF(AE31=25,AA31*AB31*AC31*AD31*(AE31/1000)*3.853*1,IF(AE31>25,"",IF(AE31<25,""))) | AM31: =IF(AE31=32,AA31*AB31*AC31*AD31*(AE31/1000)*6.313*1,IF(AE31>32,"",IF(AE31<32,""))) | AO31: A | AP31: =SUM(R31:Y31)+SUM(AN31) -> 2.1312 | AQ31: =SUM(AF31:AM31) -> 0 | AS31: amarração 50Ø na sapata + sobreposição 50Ø acima do topo (ES0101 pormenor tipo; notas emendas) | AT31: Interpretado
B33: S9 (PA9) | C33: 1 | D33: 1.3 | E33: 1.3 | F33: 0.6 | G33: =C33*D33*E33*F33 -> 1.014 | I33: =2*(D33+E33)*F33*C33 -> 3.12 | R33: =IF(P33=6,N33*O33*Q33*0.222*1,IF(P33>6,"",IF(P33<6,""))) | S33: =IF(P33=8,N33*O33*Q33*0.395*1,IF(P33>8,"",IF(P33<8,""))) | T33: =IF(P33=10,N33*O33*Q33*0.617*1,IF(P33>10,"",IF(P33<10,""))) | U33: =IF(P33=12,N33*O33*Q33*0.888*1,IF(P33>12,"",IF(P33<12,""))) | V33: =IF(P33=16,N33*O33*Q33*1.578*1,IF(P33>16,"",IF(P33<16,""))) | W33: =IF(P33=20,N33*O33*Q33*2.466*1,IF(P33>20,"",IF(P33<20,""))) | X33: =IF(P33=25,N33*O33*Q33*3.853*1,IF(P33>25,"",IF(P33<25,""))) | Y33: =IF(P33=32,N33*O33*Q33*6.313*1,IF(P33>32,"",IF(P33<32,""))) | AA33: =IF(AC33>0,N33,"") | AB33: =IF(AC33>0,O33,"") | AE33: =IF(AC33>0,P33,"") | AF33: =IF(AE33=6,AA33*AB33*AC33*AD33*(AE33/1000)*0.222*1,IF(AE33>6,"",IF(AE33<6,""))) | AG33: =IF(AE33=8,AA33*AB33*AC33*AD33*(AE33/1000)*0.395*1,IF(AE33>8,"",IF(AE33<8,""))) | AH33: =IF(AE33=10,AA33*AB33*AC33*AD33*(AE33/1000)*0.617*1,IF(AE33>10,"",IF(AE33<10,""))) | AI33: =IF(AE33=12,AA33*AB33*AC33*AD33*(AE33/1000)*0.888*1,IF(AE33>12,"",IF(AE33<12,""))) | AJ33: =IF(AE33=16,AA33*AB33*AC33*AD33*(AE33/1000)*1.578*1,IF(AE33>16,"",IF(AE33<16,""))) | AK33: =IF(AE33=20,AA33*AB33*AC33*AD33*(AE33/1000)*2.466*1,IF(AE33>20,"",IF(AE33<20,""))) | AL33: =IF(AE33=25,AA33*AB33*AC33*AD33*(AE33/1000)*3.853*1,IF(AE33>25,"",IF(AE33<25,""))) | AM33: =IF(AE33=32,AA33*AB33*AC33*AD33*(AE33/1000)*6.313*1,IF(AE33>32,"",IF(AE33<32,""))) | AO33: A | AP33: =SUM(R33:Y33)+SUM(AN33) -> 0 | AQ33: =SUM(AF33:AM33) -> 0 | AR33: 1.014 | AS33: ES0101 quadro sapatas Zona A; Revit 1222165 | AT33: Extraído
K34: AS inf xx Ø12//0.10 | L34: =$E$33-2*0.05 -> 1.2 | M34: 0.1 | N34: =$C$33 -> 1 | O34: =CEILING(L34/M34,1)+1 -> 13 | P34: 12 | Q34: =$D$33-2*0.05+2*($F$33-2*0.05) -> 2.2 | R34: =IF(P34=6,N34*O34*Q34*0.222*1,IF(P34>6,"",IF(P34<6,""))) | S34: =IF(P34=8,N34*O34*Q34*0.395*1,IF(P34>8,"",IF(P34<8,""))) | T34: =IF(P34=10,N34*O34*Q34*0.617*1,IF(P34>10,"",IF(P34<10,""))) | U34: =IF(P34=12,N34*O34*Q34*0.888*1,IF(P34>12,"",IF(P34<12,""))) -> 25.3968 | V34: =IF(P34=16,N34*O34*Q34*1.578*1,IF(P34>16,"",IF(P34<16,""))) | W34: =IF(P34=20,N34*O34*Q34*2.466*1,IF(P34>20,"",IF(P34<20,""))) | X34: =IF(P34=25,N34*O34*Q34*3.853*1,IF(P34>25,"",IF(P34<25,""))) | Y34: =IF(P34=32,N34*O34*Q34*6.313*1,IF(P34>32,"",IF(P34<32,""))) | AA34: =IF(AC34>0,N34,"") | AB34: =IF(AC34>0,O34,"") | AE34: =IF(AC34>0,P34,"") | AF34: =IF(AE34=6,AA34*AB34*AC34*AD34*(AE34/1000)*0.222*1,IF(AE34>6,"",IF(AE34<6,""))) | AG34: =IF(AE34=8,AA34*AB34*AC34*AD34*(AE34/1000)*0.395*1,IF(AE34>8,"",IF(AE34<8,""))) | AH34: =IF(AE34=10,AA34*AB34*AC34*AD34*(AE34/1000)*0.617*1,IF(AE34>10,"",IF(AE34<10,""))) | AI34: =IF(AE34=12,AA34*AB34*AC34*AD34*(AE34/1000)*0.888*1,IF(AE34>12,"",IF(AE34<12,""))) | AJ34: =IF(AE34=16,AA34*AB34*AC34*AD34*(AE34/1000)*1.578*1,IF(AE34>16,"",IF(AE34<16,""))) | AK34: =IF(AE34=20,AA34*AB34*AC34*AD34*(AE34/1000)*2.466*1,IF(AE34>20,"",IF(AE34<20,""))) | AL34: =IF(AE34=25,AA34*AB34*AC34*AD34*(AE34/1000)*3.853*1,IF(AE34>25,"",IF(AE34<25,""))) | AM34: =IF(AE34=32,AA34*AB34*AC34*AD34*(AE34/1000)*6.313*1,IF(AE34>32,"",IF(AE34<32,""))) | AO34: A | AP34: =SUM(R34:Y34)+SUM(AN34) -> 25.3968 | AQ34: =SUM(AF34:AM34) -> 0 | AS34: varão em U (abas até à face oposta); recobrimento 5 cm (ES0101 pormenor tipo de sapatas) | AT34: Calculado
K35: AS inf yy Ø12//0.10 | L35: =$D$33-2*0.05 -> 1.2 | M35: 0.1 | N35: =$C$33 -> 1 | O35: =CEILING(L35/M35,1)+1 -> 13 | P35: 12 | Q35: =$E$33-2*0.05+2*($F$33-2*0.05) -> 2.2 | R35: =IF(P35=6,N35*O35*Q35*0.222*1,IF(P35>6,"",IF(P35<6,""))) | S35: =IF(P35=8,N35*O35*Q35*0.395*1,IF(P35>8,"",IF(P35<8,""))) | T35: =IF(P35=10,N35*O35*Q35*0.617*1,IF(P35>10,"",IF(P35<10,""))) | U35: =IF(P35=12,N35*O35*Q35*0.888*1,IF(P35>12,"",IF(P35<12,""))) -> 25.3968 | V35: =IF(P35=16,N35*O35*Q35*1.578*1,IF(P35>16,"",IF(P35<16,""))) | W35: =IF(P35=20,N35*O35*Q35*2.466*1,IF(P35>20,"",IF(P35<20,""))) | X35: =IF(P35=25,N35*O35*Q35*3.853*1,IF(P35>25,"",IF(P35<25,""))) | Y35: =IF(P35=32,N35*O35*Q35*6.313*1,IF(P35>32,"",IF(P35<32,""))) | AA35: =IF(AC35>0,N35,"") | AB35: =IF(AC35>0,O35,"") | AE35: =IF(AC35>0,P35,"") | AF35: =IF(AE35=6,AA35*AB35*AC35*AD35*(AE35/1000)*0.222*1,IF(AE35>6,"",IF(AE35<6,""))) | AG35: =IF(AE35=8,AA35*AB35*AC35*AD35*(AE35/1000)*0.395*1,IF(AE35>8,"",IF(AE35<8,""))) | AH35: =IF(AE35=10,AA35*AB35*AC35*AD35*(AE35/1000)*0.617*1,IF(AE35>10,"",IF(AE35<10,""))) | AI35: =IF(AE35=12,AA35*AB35*AC35*AD35*(AE35/1000)*0.888*1,IF(AE35>12,"",IF(AE35<12,""))) | AJ35: =IF(AE35=16,AA35*AB35*AC35*AD35*(AE35/1000)*1.578*1,IF(AE35>16,"",IF(AE35<16,""))) | AK35: =IF(AE35=20,AA35*AB35*AC35*AD35*(AE35/1000)*2.466*1,IF(AE35>20,"",IF(AE35<20,""))) | AL35: =IF(AE35=25,AA35*AB35*AC35*AD35*(AE35/1000)*3.853*1,IF(AE35>25,"",IF(AE35<25,""))) | AM35: =IF(AE35=32,AA35*AB35*AC35*AD35*(AE35/1000)*6.313*1,IF(AE35>32,"",IF(AE35<32,""))) | AO35: A | AP35: =SUM(R35:Y35)+SUM(AN35) -> 25.3968 | AQ35: =SUM(AF35:AM35) -> 0 | AS35: varão em U (abas até à face oposta); recobrimento 5 cm (ES0101 pormenor tipo de sapatas) | AT35: Calculado
K36: AS sup xx Ø12//0.10 | L36: =$E$33-2*0.05 -> 1.2 | M36: 0.1 | N36: =$C$33 -> 1 | O36: =CEILING(L36/M36,1)+1 -> 13 | P36: 12 | Q36: =$D$33-2*0.05+2*($F$33-2*0.05) -> 2.2 | R36: =IF(P36=6,N36*O36*Q36*0.222*1,IF(P36>6,"",IF(P36<6,""))) | S36: =IF(P36=8,N36*O36*Q36*0.395*1,IF(P36>8,"",IF(P36<8,""))) | T36: =IF(P36=10,N36*O36*Q36*0.617*1,IF(P36>10,"",IF(P36<10,""))) | U36: =IF(P36=12,N36*O36*Q36*0.888*1,IF(P36>12,"",IF(P36<12,""))) -> 25.3968 | V36: =IF(P36=16,N36*O36*Q36*1.578*1,IF(P36>16,"",IF(P36<16,""))) | W36: =IF(P36=20,N36*O36*Q36*2.466*1,IF(P36>20,"",IF(P36<20,""))) | X36: =IF(P36=25,N36*O36*Q36*3.853*1,IF(P36>25,"",IF(P36<25,""))) | Y36: =IF(P36=32,N36*O36*Q36*6.313*1,IF(P36>32,"",IF(P36<32,""))) | AA36: =IF(AC36>0,N36,"") | AB36: =IF(AC36>0,O36,"") | AE36: =IF(AC36>0,P36,"") | AF36: =IF(AE36=6,AA36*AB36*AC36*AD36*(AE36/1000)*0.222*1,IF(AE36>6,"",IF(AE36<6,""))) | AG36: =IF(AE36=8,AA36*AB36*AC36*AD36*(AE36/1000)*0.395*1,IF(AE36>8,"",IF(AE36<8,""))) | AH36: =IF(AE36=10,AA36*AB36*AC36*AD36*(AE36/1000)*0.617*1,IF(AE36>10,"",IF(AE36<10,""))) | AI36: =IF(AE36=12,AA36*AB36*AC36*AD36*(AE36/1000)*0.888*1,IF(AE36>12,"",IF(AE36<12,""))) | AJ36: =IF(AE36=16,AA36*AB36*AC36*AD36*(AE36/1000)*1.578*1,IF(AE36>16,"",IF(AE36<16,""))) | AK36: =IF(AE36=20,AA36*AB36*AC36*AD36*(AE36/1000)*2.466*1,IF(AE36>20,"",IF(AE36<20,""))) | AL36: =IF(AE36=25,AA36*AB36*AC36*AD36*(AE36/1000)*3.853*1,IF(AE36>25,"",IF(AE36<25,""))) | AM36: =IF(AE36=32,AA36*AB36*AC36*AD36*(AE36/1000)*6.313*1,IF(AE36>32,"",IF(AE36<32,""))) | AO36: A | AP36: =SUM(R36:Y36)+SUM(AN36) -> 25.3968 | AQ36: =SUM(AF36:AM36) -> 0 | AS36: varão em U (abas até à face oposta); recobrimento 5 cm (ES0101 pormenor tipo de sapatas) | AT36: Calculado
K37: AS sup yy Ø12//0.10 | L37: =$D$33-2*0.05 -> 1.2 | M37: 0.1 | N37: =$C$33 -> 1 | O37: =CEILING(L37/M37,1)+1 -> 13 | P37: 12 | Q37: =$E$33-2*0.05+2*($F$33-2*0.05) -> 2.2 | R37: =IF(P37=6,N37*O37*Q37*0.222*1,IF(P37>6,"",IF(P37<6,""))) | S37: =IF(P37=8,N37*O37*Q37*0.395*1,IF(P37>8,"",IF(P37<8,""))) | T37: =IF(P37=10,N37*O37*Q37*0.617*1,IF(P37>10,"",IF(P37<10,""))) | U37: =IF(P37=12,N37*O37*Q37*0.888*1,IF(P37>12,"",IF(P37<12,""))) -> 25.3968 | V37: =IF(P37=16,N37*O37*Q37*1.578*1,IF(P37>16,"",IF(P37<16,""))) | W37: =IF(P37=20,N37*O37*Q37*2.466*1,IF(P37>20,"",IF(P37<20,""))) | X37: =IF(P37=25,N37*O37*Q37*3.853*1,IF(P37>25,"",IF(P37<25,""))) | Y37: =IF(P37=32,N37*O37*Q37*6.313*1,IF(P37>32,"",IF(P37<32,""))) | AA37: =IF(AC37>0,N37,"") | AB37: =IF(AC37>0,O37,"") | AE37: =IF(AC37>0,P37,"") | AF37: =IF(AE37=6,AA37*AB37*AC37*AD37*(AE37/1000)*0.222*1,IF(AE37>6,"",IF(AE37<6,""))) | AG37: =IF(AE37=8,AA37*AB37*AC37*AD37*(AE37/1000)*0.395*1,IF(AE37>8,"",IF(AE37<8,""))) | AH37: =IF(AE37=10,AA37*AB37*AC37*AD37*(AE37/1000)*0.617*1,IF(AE37>10,"",IF(AE37<10,""))) | AI37: =IF(AE37=12,AA37*AB37*AC37*AD37*(AE37/1000)*0.888*1,IF(AE37>12,"",IF(AE37<12,""))) | AJ37: =IF(AE37=16,AA37*AB37*AC37*AD37*(AE37/1000)*1.578*1,IF(AE37>16,"",IF(AE37<16,""))) | AK37: =IF(AE37=20,AA37*AB37*AC37*AD37*(AE37/1000)*2.466*1,IF(AE37>20,"",IF(AE37<20,""))) | AL37: =IF(AE37=25,AA37*AB37*AC37*AD37*(AE37/1000)*3.853*1,IF(AE37>25,"",IF(AE37<25,""))) | AM37: =IF(AE37=32,AA37*AB37*AC37*AD37*(AE37/1000)*6.313*1,IF(AE37>32,"",IF(AE37<32,""))) | AO37: A | AP37: =SUM(R37:Y37)+SUM(AN37) -> 25.3968 | AQ37: =SUM(AF37:AM37) -> 0 | AS37: varão em U (abas até à face oposta); recobrimento 5 cm (ES0101 pormenor tipo de sapatas) | AT37: Calculado
K38: AS vd 4Ø12 (cintas perimetrais) | N38: =$C$33 -> 1 | O38: 4 | P38: 12 | Q38: =2*($D$33+$E$33)-8*0.05 -> 4.8 | R38: =IF(P38=6,N38*O38*Q38*0.222*1,IF(P38>6,"",IF(P38<6,""))) | S38: =IF(P38=8,N38*O38*Q38*0.395*1,IF(P38>8,"",IF(P38<8,""))) | T38: =IF(P38=10,N38*O38*Q38*0.617*1,IF(P38>10,"",IF(P38<10,""))) | U38: =IF(P38=12,N38*O38*Q38*0.888*1,IF(P38>12,"",IF(P38<12,""))) -> 17.0496 | V38: =IF(P38=16,N38*O38*Q38*1.578*1,IF(P38>16,"",IF(P38<16,""))) | W38: =IF(P38=20,N38*O38*Q38*2.466*1,IF(P38>20,"",IF(P38<20,""))) | X38: =IF(P38=25,N38*O38*Q38*3.853*1,IF(P38>25,"",IF(P38<25,""))) | Y38: =IF(P38=32,N38*O38*Q38*6.313*1,IF(P38>32,"",IF(P38<32,""))) | AA38: =IF(AC38>0,N38,"") -> 1 | AB38: =IF(AC38>0,O38,"") -> 4 | AC38: 1 | AD38: 50 | AE38: =IF(AC38>0,P38,"") -> 12 | AF38: =IF(AE38=6,AA38*AB38*AC38*AD38*(AE38/1000)*0.222*1,IF(AE38>6,"",IF(AE38<6,""))) | AG38: =IF(AE38=8,AA38*AB38*AC38*AD38*(AE38/1000)*0.395*1,IF(AE38>8,"",IF(AE38<8,""))) | AH38: =IF(AE38=10,AA38*AB38*AC38*AD38*(AE38/1000)*0.617*1,IF(AE38>10,"",IF(AE38<10,""))) | AI38: =IF(AE38=12,AA38*AB38*AC38*AD38*(AE38/1000)*0.888*1,IF(AE38>12,"",IF(AE38<12,""))) -> 2.1312 | AJ38: =IF(AE38=16,AA38*AB38*AC38*AD38*(AE38/1000)*1.578*1,IF(AE38>16,"",IF(AE38<16,""))) | AK38: =IF(AE38=20,AA38*AB38*AC38*AD38*(AE38/1000)*2.466*1,IF(AE38>20,"",IF(AE38<20,""))) | AL38: =IF(AE38=25,AA38*AB38*AC38*AD38*(AE38/1000)*3.853*1,IF(AE38>25,"",IF(AE38<25,""))) | AM38: =IF(AE38=32,AA38*AB38*AC38*AD38*(AE38/1000)*6.313*1,IF(AE38>32,"",IF(AE38<32,""))) | AO38: A | AP38: =SUM(R38:Y38)+SUM(AN38) -> 17.0496 | AQ38: =SUM(AF38:AM38) -> 2.1312 | AS38: interpretado: ASvd = cintas horizontais no contorno; 1 emenda 50Ø por cinta | AT38: Interpretado
K39: Esperas PA9 - 4Ø20 | N39: 1 | O39: 4 | P39: 20 | Q39: =MAX(50*20/1000,$F$33-2*0.05+0.15)+50*20/1000 -> 2 | R39: =IF(P39=6,N39*O39*Q39*0.222*1,IF(P39>6,"",IF(P39<6,""))) | S39: =IF(P39=8,N39*O39*Q39*0.395*1,IF(P39>8,"",IF(P39<8,""))) | T39: =IF(P39=10,N39*O39*Q39*0.617*1,IF(P39>10,"",IF(P39<10,""))) | U39: =IF(P39=12,N39*O39*Q39*0.888*1,IF(P39>12,"",IF(P39<12,""))) | V39: =IF(P39=16,N39*O39*Q39*1.578*1,IF(P39>16,"",IF(P39<16,""))) | W39: =IF(P39=20,N39*O39*Q39*2.466*1,IF(P39>20,"",IF(P39<20,""))) -> 19.728 | X39: =IF(P39=25,N39*O39*Q39*3.853*1,IF(P39>25,"",IF(P39<25,""))) | Y39: =IF(P39=32,N39*O39*Q39*6.313*1,IF(P39>32,"",IF(P39<32,""))) | AA39: =IF(AC39>0,N39,"") | AB39: =IF(AC39>0,O39,"") | AE39: =IF(AC39>0,P39,"") | AF39: =IF(AE39=6,AA39*AB39*AC39*AD39*(AE39/1000)*0.222*1,IF(AE39>6,"",IF(AE39<6,""))) | AG39: =IF(AE39=8,AA39*AB39*AC39*AD39*(AE39/1000)*0.395*1,IF(AE39>8,"",IF(AE39<8,""))) | AH39: =IF(AE39=10,AA39*AB39*AC39*AD39*(AE39/1000)*0.617*1,IF(AE39>10,"",IF(AE39<10,""))) | AI39: =IF(AE39=12,AA39*AB39*AC39*AD39*(AE39/1000)*0.888*1,IF(AE39>12,"",IF(AE39<12,""))) | AJ39: =IF(AE39=16,AA39*AB39*AC39*AD39*(AE39/1000)*1.578*1,IF(AE39>16,"",IF(AE39<16,""))) | AK39: =IF(AE39=20,AA39*AB39*AC39*AD39*(AE39/1000)*2.466*1,IF(AE39>20,"",IF(AE39<20,""))) | AL39: =IF(AE39=25,AA39*AB39*AC39*AD39*(AE39/1000)*3.853*1,IF(AE39>25,"",IF(AE39<25,""))) | AM39: =IF(AE39=32,AA39*AB39*AC39*AD39*(AE39/1000)*6.313*1,IF(AE39>32,"",IF(AE39<32,""))) | AO39: A | AP39: =SUM(R39:Y39)+SUM(AN39) -> 19.728 | AQ39: =SUM(AF39:AM39) -> 0 | AS39: amarração 50Ø na sapata + sobreposição 50Ø acima do topo (ES0101 pormenor tipo; notas emendas) | AT39: Interpretado
B41: S10 (PA10) | C41: 1 | D41: 1.5 | E41: 1.3 | F41: 0.6 | G41: =C41*D41*E41*F41 -> 1.17 | I41: =2*(D41+E41)*F41*C41 -> 3.36 | R41: =IF(P41=6,N41*O41*Q41*0.222*1,IF(P41>6,"",IF(P41<6,""))) | S41: =IF(P41=8,N41*O41*Q41*0.395*1,IF(P41>8,"",IF(P41<8,""))) | T41: =IF(P41=10,N41*O41*Q41*0.617*1,IF(P41>10,"",IF(P41<10,""))) | U41: =IF(P41=12,N41*O41*Q41*0.888*1,IF(P41>12,"",IF(P41<12,""))) | V41: =IF(P41=16,N41*O41*Q41*1.578*1,IF(P41>16,"",IF(P41<16,""))) | W41: =IF(P41=20,N41*O41*Q41*2.466*1,IF(P41>20,"",IF(P41<20,""))) | X41: =IF(P41=25,N41*O41*Q41*3.853*1,IF(P41>25,"",IF(P41<25,""))) | Y41: =IF(P41=32,N41*O41*Q41*6.313*1,IF(P41>32,"",IF(P41<32,""))) | AA41: =IF(AC41>0,N41,"") | AB41: =IF(AC41>0,O41,"") | AE41: =IF(AC41>0,P41,"") | AF41: =IF(AE41=6,AA41*AB41*AC41*AD41*(AE41/1000)*0.222*1,IF(AE41>6,"",IF(AE41<6,""))) | AG41: =IF(AE41=8,AA41*AB41*AC41*AD41*(AE41/1000)*0.395*1,IF(AE41>8,"",IF(AE41<8,""))) | AH41: =IF(AE41=10,AA41*AB41*AC41*AD41*(AE41/1000)*0.617*1,IF(AE41>10,"",IF(AE41<10,""))) | AI41: =IF(AE41=12,AA41*AB41*AC41*AD41*(AE41/1000)*0.888*1,IF(AE41>12,"",IF(AE41<12,""))) | AJ41: =IF(AE41=16,AA41*AB41*AC41*AD41*(AE41/1000)*1.578*1,IF(AE41>16,"",IF(AE41<16,""))) | AK41: =IF(AE41=20,AA41*AB41*AC41*AD41*(AE41/1000)*2.466*1,IF(AE41>20,"",IF(AE41<20,""))) | AL41: =IF(AE41=25,AA41*AB41*AC41*AD41*(AE41/1000)*3.853*1,IF(AE41>25,"",IF(AE41<25,""))) | AM41: =IF(AE41=32,AA41*AB41*AC41*AD41*(AE41/1000)*6.313*1,IF(AE41>32,"",IF(AE41<32,""))) | AO41: A | AP41: =SUM(R41:Y41)+SUM(AN41) -> 0 | AQ41: =SUM(AF41:AM41) -> 0 | AR41: 0.975 | AS41: ES0101 quadro/planta H=0.60; modelo Revit 1222239 com H=0.50 (V=0.975) - ver DISCREPÂNCIAS D01 | AT41: Extraído (quadro) ≠ modelo
K42: AS inf xx Ø12//0.10 | L42: =$E$41-2*0.05 -> 1.2 | M42: 0.1 | N42: =$C$41 -> 1 | O42: =CEILING(L42/M42,1)+1 -> 13 | P42: 12 | Q42: =$D$41-2*0.05+2*($F$41-2*0.05) -> 2.4 | R42: =IF(P42=6,N42*O42*Q42*0.222*1,IF(P42>6,"",IF(P42<6,""))) | S42: =IF(P42=8,N42*O42*Q42*0.395*1,IF(P42>8,"",IF(P42<8,""))) | T42: =IF(P42=10,N42*O42*Q42*0.617*1,IF(P42>10,"",IF(P42<10,""))) | U42: =IF(P42=12,N42*O42*Q42*0.888*1,IF(P42>12,"",IF(P42<12,""))) -> 27.7056 | V42: =IF(P42=16,N42*O42*Q42*1.578*1,IF(P42>16,"",IF(P42<16,""))) | W42: =IF(P42=20,N42*O42*Q42*2.466*1,IF(P42>20,"",IF(P42<20,""))) | X42: =IF(P42=25,N42*O42*Q42*3.853*1,IF(P42>25,"",IF(P42<25,""))) | Y42: =IF(P42=32,N42*O42*Q42*6.313*1,IF(P42>32,"",IF(P42<32,""))) | AA42: =IF(AC42>0,N42,"") | AB42: =IF(AC42>0,O42,"") | AE42: =IF(AC42>0,P42,"") | AF42: =IF(AE42=6,AA42*AB42*AC42*AD42*(AE42/1000)*0.222*1,IF(AE42>6,"",IF(AE42<6,""))) | AG42: =IF(AE42=8,AA42*AB42*AC42*AD42*(AE42/1000)*0.395*1,IF(AE42>8,"",IF(AE42<8,""))) | AH42: =IF(AE42=10,AA42*AB42*AC42*AD42*(AE42/1000)*0.617*1,IF(AE42>10,"",IF(AE42<10,""))) | AI42: =IF(AE42=12,AA42*AB42*AC42*AD42*(AE42/1000)*0.888*1,IF(AE42>12,"",IF(AE42<12,""))) | AJ42: =IF(AE42=16,AA42*AB42*AC42*AD42*(AE42/1000)*1.578*1,IF(AE42>16,"",IF(AE42<16,""))) | AK42: =IF(AE42=20,AA42*AB42*AC42*AD42*(AE42/1000)*2.466*1,IF(AE42>20,"",IF(AE42<20,""))) | AL42: =IF(AE42=25,AA42*AB42*AC42*AD42*(AE42/1000)*3.853*1,IF(AE42>25,"",IF(AE42<25,""))) | AM42: =IF(AE42=32,AA42*AB42*AC42*AD42*(AE42/1000)*6.313*1,IF(AE42>32,"",IF(AE42<32,""))) | AO42: A | AP42: =SUM(R42:Y42)+SUM(AN42) -> 27.7056 | AQ42: =SUM(AF42:AM42) -> 0 | AS42: varão em U (abas até à face oposta); recobrimento 5 cm (ES0101 pormenor tipo de sapatas) | AT42: Calculado
K43: AS inf yy Ø12//0.10 | L43: =$D$41-2*0.05 -> 1.4 | M43: 0.1 | N43: =$C$41 -> 1 | O43: =CEILING(L43/M43,1)+1 -> 15 | P43: 12 | Q43: =$E$41-2*0.05+2*($F$41-2*0.05) -> 2.2 | R43: =IF(P43=6,N43*O43*Q43*0.222*1,IF(P43>6,"",IF(P43<6,""))) | S43: =IF(P43=8,N43*O43*Q43*0.395*1,IF(P43>8,"",IF(P43<8,""))) | T43: =IF(P43=10,N43*O43*Q43*0.617*1,IF(P43>10,"",IF(P43<10,""))) | U43: =IF(P43=12,N43*O43*Q43*0.888*1,IF(P43>12,"",IF(P43<12,""))) -> 29.304 | V43: =IF(P43=16,N43*O43*Q43*1.578*1,IF(P43>16,"",IF(P43<16,""))) | W43: =IF(P43=20,N43*O43*Q43*2.466*1,IF(P43>20,"",IF(P43<20,""))) | X43: =IF(P43=25,N43*O43*Q43*3.853*1,IF(P43>25,"",IF(P43<25,""))) | Y43: =IF(P43=32,N43*O43*Q43*6.313*1,IF(P43>32,"",IF(P43<32,""))) | AA43: =IF(AC43>0,N43,"") | AB43: =IF(AC43>0,O43,"") | AE43: =IF(AC43>0,P43,"") | AF43: =IF(AE43=6,AA43*AB43*AC43*AD43*(AE43/1000)*0.222*1,IF(AE43>6,"",IF(AE43<6,""))) | AG43: =IF(AE43=8,AA43*AB43*AC43*AD43*(AE43/1000)*0.395*1,IF(AE43>8,"",IF(AE43<8,""))) | AH43: =IF(AE43=10,AA43*AB43*AC43*AD43*(AE43/1000)*0.617*1,IF(AE43>10,"",IF(AE43<10,""))) | AI43: =IF(AE43=12,AA43*AB43*AC43*AD43*(AE43/1000)*0.888*1,IF(AE43>12,"",IF(AE43<12,""))) | AJ43: =IF(AE43=16,AA43*AB43*AC43*AD43*(AE43/1000)*1.578*1,IF(AE43>16,"",IF(AE43<16,""))) | AK43: =IF(AE43=20,AA43*AB43*AC43*AD43*(AE43/1000)*2.466*1,IF(AE43>20,"",IF(AE43<20,""))) | AL43: =IF(AE43=25,AA43*AB43*AC43*AD43*(AE43/1000)*3.853*1,IF(AE43>25,"",IF(AE43<25,""))) | AM43: =IF(AE43=32,AA43*AB43*AC43*AD43*(AE43/1000)*6.313*1,IF(AE43>32,"",IF(AE43<32,""))) | AO43: A | AP43: =SUM(R43:Y43)+SUM(AN43) -> 29.304 | AQ43: =SUM(AF43:AM43) -> 0 | AS43: varão em U (abas até à face oposta); recobrimento 5 cm (ES0101 pormenor tipo de sapatas) | AT43: Calculado
K44: AS sup xx Ø12//0.10 | L44: =$E$41-2*0.05 -> 1.2 | M44: 0.1 | N44: =$C$41 -> 1 | O44: =CEILING(L44/M44,1)+1 -> 13 | P44: 12 | Q44: =$D$41-2*0.05+2*($F$41-2*0.05) -> 2.4 | R44: =IF(P44=6,N44*O44*Q44*0.222*1,IF(P44>6,"",IF(P44<6,""))) | S44: =IF(P44=8,N44*O44*Q44*0.395*1,IF(P44>8,"",IF(P44<8,""))) | T44: =IF(P44=10,N44*O44*Q44*0.617*1,IF(P44>10,"",IF(P44<10,""))) | U44: =IF(P44=12,N44*O44*Q44*0.888*1,IF(P44>12,"",IF(P44<12,""))) -> 27.7056 | V44: =IF(P44=16,N44*O44*Q44*1.578*1,IF(P44>16,"",IF(P44<16,""))) | W44: =IF(P44=20,N44*O44*Q44*2.466*1,IF(P44>20,"",IF(P44<20,""))) | X44: =IF(P44=25,N44*O44*Q44*3.853*1,IF(P44>25,"",IF(P44<25,""))) | Y44: =IF(P44=32,N44*O44*Q44*6.313*1,IF(P44>32,"",IF(P44<32,""))) | AA44: =IF(AC44>0,N44,"") | AB44: =IF(AC44>0,O44,"") | AE44: =IF(AC44>0,P44,"") | AF44: =IF(AE44=6,AA44*AB44*AC44*AD44*(AE44/1000)*0.222*1,IF(AE44>6,"",IF(AE44<6,""))) | AG44: =IF(AE44=8,AA44*AB44*AC44*AD44*(AE44/1000)*0.395*1,IF(AE44>8,"",IF(AE44<8,""))) | AH44: =IF(AE44=10,AA44*AB44*AC44*AD44*(AE44/1000)*0.617*1,IF(AE44>10,"",IF(AE44<10,""))) | AI44: =IF(AE44=12,AA44*AB44*AC44*AD44*(AE44/1000)*0.888*1,IF(AE44>12,"",IF(AE44<12,""))) | AJ44: =IF(AE44=16,AA44*AB44*AC44*AD44*(AE44/1000)*1.578*1,IF(AE44>16,"",IF(AE44<16,""))) | AK44: =IF(AE44=20,AA44*AB44*AC44*AD44*(AE44/1000)*2.466*1,IF(AE44>20,"",IF(AE44<20,""))) | AL44: =IF(AE44=25,AA44*AB44*AC44*AD44*(AE44/1000)*3.853*1,IF(AE44>25,"",IF(AE44<25,""))) | AM44: =IF(AE44=32,AA44*AB44*AC44*AD44*(AE44/1000)*6.313*1,IF(AE44>32,"",IF(AE44<32,""))) | AO44: A | AP44: =SUM(R44:Y44)+SUM(AN44) -> 27.7056 | AQ44: =SUM(AF44:AM44) -> 0 | AS44: varão em U (abas até à face oposta); recobrimento 5 cm (ES0101 pormenor tipo de sapatas) | AT44: Calculado
K45: AS sup yy Ø12//0.10 | L45: =$D$41-2*0.05 -> 1.4 | M45: 0.1 | N45: =$C$41 -> 1 | O45: =CEILING(L45/M45,1)+1 -> 15 | P45: 12 | Q45: =$E$41-2*0.05+2*($F$41-2*0.05) -> 2.2 | R45: =IF(P45=6,N45*O45*Q45*0.222*1,IF(P45>6,"",IF(P45<6,""))) | S45: =IF(P45=8,N45*O45*Q45*0.395*1,IF(P45>8,"",IF(P45<8,""))) | T45: =IF(P45=10,N45*O45*Q45*0.617*1,IF(P45>10,"",IF(P45<10,""))) | U45: =IF(P45=12,N45*O45*Q45*0.888*1,IF(P45>12,"",IF(P45<12,""))) -> 29.304 | V45: =IF(P45=16,N45*O45*Q45*1.578*1,IF(P45>16,"",IF(P45<16,""))) | W45: =IF(P45=20,N45*O45*Q45*2.466*1,IF(P45>20,"",IF(P45<20,""))) | X45: =IF(P45=25,N45*O45*Q45*3.853*1,IF(P45>25,"",IF(P45<25,""))) | Y45: =IF(P45=32,N45*O45*Q45*6.313*1,IF(P45>32,"",IF(P45<32,""))) | AA45: =IF(AC45>0,N45,"") | AB45: =IF(AC45>0,O45,"") | AE45: =IF(AC45>0,P45,"") | AF45: =IF(AE45=6,AA45*AB45*AC45*AD45*(AE45/1000)*0.222*1,IF(AE45>6,"",IF(AE45<6,""))) | AG45: =IF(AE45=8,AA45*AB45*AC45*AD45*(AE45/1000)*0.395*1,IF(AE45>8,"",IF(AE45<8,""))) | AH45: =IF(AE45=10,AA45*AB45*AC45*AD45*(AE45/1000)*0.617*1,IF(AE45>10,"",IF(AE45<10,""))) | AI45: =IF(AE45=12,AA45*AB45*AC45*AD45*(AE45/1000)*0.888*1,IF(AE45>12,"",IF(AE45<12,""))) | AJ45: =IF(AE45=16,AA45*AB45*AC45*AD45*(AE45/1000)*1.578*1,IF(AE45>16,"",IF(AE45<16,""))) | AK45: =IF(AE45=20,AA45*AB45*AC45*AD45*(AE45/1000)*2.466*1,IF(AE45>20,"",IF(AE45<20,""))) | AL45: =IF(AE45=25,AA45*AB45*AC45*AD45*(AE45/1000)*3.853*1,IF(AE45>25,"",IF(AE45<25,""))) | AM45: =IF(AE45=32,AA45*AB45*AC45*AD45*(AE45/1000)*6.313*1,IF(AE45>32,"",IF(AE45<32,""))) | AO45: A | AP45: =SUM(R45:Y45)+SUM(AN45) -> 29.304 | AQ45: =SUM(AF45:AM45) -> 0 | AS45: varão em U (abas até à face oposta); recobrimento 5 cm (ES0101 pormenor tipo de sapatas) | AT45: Calculado
K46: AS vd 4Ø12 (cintas perimetrais) | N46: =$C$41 -> 1 | O46: 4 | P46: 12 | Q46: =2*($D$41+$E$41)-8*0.05 -> 5.2 | R46: =IF(P46=6,N46*O46*Q46*0.222*1,IF(P46>6,"",IF(P46<6,""))) | S46: =IF(P46=8,N46*O46*Q46*0.395*1,IF(P46>8,"",IF(P46<8,""))) | T46: =IF(P46=10,N46*O46*Q46*0.617*1,IF(P46>10,"",IF(P46<10,""))) | U46: =IF(P46=12,N46*O46*Q46*0.888*1,IF(P46>12,"",IF(P46<12,""))) -> 18.4704 | V46: =IF(P46=16,N46*O46*Q46*1.578*1,IF(P46>16,"",IF(P46<16,""))) | W46: =IF(P46=20,N46*O46*Q46*2.466*1,IF(P46>20,"",IF(P46<20,""))) | X46: =IF(P46=25,N46*O46*Q46*3.853*1,IF(P46>25,"",IF(P46<25,""))) | Y46: =IF(P46=32,N46*O46*Q46*6.313*1,IF(P46>32,"",IF(P46<32,""))) | AA46: =IF(AC46>0,N46,"") -> 1 | AB46: =IF(AC46>0,O46,"") -> 4 | AC46: 1 | AD46: 50 | AE46: =IF(AC46>0,P46,"") -> 12 | AF46: =IF(AE46=6,AA46*AB46*AC46*AD46*(AE46/1000)*0.222*1,IF(AE46>6,"",IF(AE46<6,""))) | AG46: =IF(AE46=8,AA46*AB46*AC46*AD46*(AE46/1000)*0.395*1,IF(AE46>8,"",IF(AE46<8,""))) | AH46: =IF(AE46=10,AA46*AB46*AC46*AD46*(AE46/1000)*0.617*1,IF(AE46>10,"",IF(AE46<10,""))) | AI46: =IF(AE46=12,AA46*AB46*AC46*AD46*(AE46/1000)*0.888*1,IF(AE46>12,"",IF(AE46<12,""))) -> 2.1312 | AJ46: =IF(AE46=16,AA46*AB46*AC46*AD46*(AE46/1000)*1.578*1,IF(AE46>16,"",IF(AE46<16,""))) | AK46: =IF(AE46=20,AA46*AB46*AC46*AD46*(AE46/1000)*2.466*1,IF(AE46>20,"",IF(AE46<20,""))) | AL46: =IF(AE46=25,AA46*AB46*AC46*AD46*(AE46/1000)*3.853*1,IF(AE46>25,"",IF(AE46<25,""))) | AM46: =IF(AE46=32,AA46*AB46*AC46*AD46*(AE46/1000)*6.313*1,IF(AE46>32,"",IF(AE46<32,""))) | AO46: A | AP46: =SUM(R46:Y46)+SUM(AN46) -> 18.4704 | AQ46: =SUM(AF46:AM46) -> 2.1312 | AS46: interpretado: ASvd = cintas horizontais no contorno; 1 emenda 50Ø por cinta | AT46: Interpretado
K47: Esperas PA10 - 4Ø20 | N47: 1 | O47: 4 | P47: 20 | Q47: =MAX(50*20/1000,$F$41-2*0.05+0.15)+50*20/1000 -> 2 | R47: =IF(P47=6,N47*O47*Q47*0.222*1,IF(P47>6,"",IF(P47<6,""))) | S47: =IF(P47=8,N47*O47*Q47*0.395*1,IF(P47>8,"",IF(P47<8,""))) | T47: =IF(P47=10,N47*O47*Q47*0.617*1,IF(P47>10,"",IF(P47<10,""))) | U47: =IF(P47=12,N47*O47*Q47*0.888*1,IF(P47>12,"",IF(P47<12,""))) | V47: =IF(P47=16,N47*O47*Q47*1.578*1,IF(P47>16,"",IF(P47<16,""))) | W47: =IF(P47=20,N47*O47*Q47*2.466*1,IF(P47>20,"",IF(P47<20,""))) -> 19.728 | X47: =IF(P47=25,N47*O47*Q47*3.853*1,IF(P47>25,"",IF(P47<25,""))) | Y47: =IF(P47=32,N47*O47*Q47*6.313*1,IF(P47>32,"",IF(P47<32,""))) | AA47: =IF(AC47>0,N47,"") | AB47: =IF(AC47>0,O47,"") | AE47: =IF(AC47>0,P47,"") | AF47: =IF(AE47=6,AA47*AB47*AC47*AD47*(AE47/1000)*0.222*1,IF(AE47>6,"",IF(AE47<6,""))) | AG47: =IF(AE47=8,AA47*AB47*AC47*AD47*(AE47/1000)*0.395*1,IF(AE47>8,"",IF(AE47<8,""))) | AH47: =IF(AE47=10,AA47*AB47*AC47*AD47*(AE47/1000)*0.617*1,IF(AE47>10,"",IF(AE47<10,""))) | AI47: =IF(AE47=12,AA47*AB47*AC47*AD47*(AE47/1000)*0.888*1,IF(AE47>12,"",IF(AE47<12,""))) | AJ47: =IF(AE47=16,AA47*AB47*AC47*AD47*(AE47/1000)*1.578*1,IF(AE47>16,"",IF(AE47<16,""))) | AK47: =IF(AE47=20,AA47*AB47*AC47*AD47*(AE47/1000)*2.466*1,IF(AE47>20,"",IF(AE47<20,""))) | AL47: =IF(AE47=25,AA47*AB47*AC47*AD47*(AE47/1000)*3.853*1,IF(AE47>25,"",IF(AE47<25,""))) | AM47: =IF(AE47=32,AA47*AB47*AC47*AD47*(AE47/1000)*6.313*1,IF(AE47>32,"",IF(AE47<32,""))) | AO47: A | AP47: =SUM(R47:Y47)+SUM(AN47) -> 19.728 | AQ47: =SUM(AF47:AM47) -> 0 | AS47: amarração 50Ø na sapata + sobreposição 50Ø acima do topo (ES0101 pormenor tipo; notas emendas) | AT47: Interpretado
B49: S11 (PA11, PA12) | C49: 1 | D49: 2.5 | E49: 1.3 | F49: 0.6 | G49: =C49*D49*E49*F49 -> 1.95 | I49: =2*(D49+E49)*F49*C49 -> 4.56 | R49: =IF(P49=6,N49*O49*Q49*0.222*1,IF(P49>6,"",IF(P49<6,""))) | S49: =IF(P49=8,N49*O49*Q49*0.395*1,IF(P49>8,"",IF(P49<8,""))) | T49: =IF(P49=10,N49*O49*Q49*0.617*1,IF(P49>10,"",IF(P49<10,""))) | U49: =IF(P49=12,N49*O49*Q49*0.888*1,IF(P49>12,"",IF(P49<12,""))) | V49: =IF(P49=16,N49*O49*Q49*1.578*1,IF(P49>16,"",IF(P49<16,""))) | W49: =IF(P49=20,N49*O49*Q49*2.466*1,IF(P49>20,"",IF(P49<20,""))) | X49: =IF(P49=25,N49*O49*Q49*3.853*1,IF(P49>25,"",IF(P49<25,""))) | Y49: =IF(P49=32,N49*O49*Q49*6.313*1,IF(P49>32,"",IF(P49<32,""))) | AA49: =IF(AC49>0,N49,"") | AB49: =IF(AC49>0,O49,"") | AE49: =IF(AC49>0,P49,"") | AF49: =IF(AE49=6,AA49*AB49*AC49*AD49*(AE49/1000)*0.222*1,IF(AE49>6,"",IF(AE49<6,""))) | AG49: =IF(AE49=8,AA49*AB49*AC49*AD49*(AE49/1000)*0.395*1,IF(AE49>8,"",IF(AE49<8,""))) | AH49: =IF(AE49=10,AA49*AB49*AC49*AD49*(AE49/1000)*0.617*1,IF(AE49>10,"",IF(AE49<10,""))) | AI49: =IF(AE49=12,AA49*AB49*AC49*AD49*(AE49/1000)*0.888*1,IF(AE49>12,"",IF(AE49<12,""))) | AJ49: =IF(AE49=16,AA49*AB49*AC49*AD49*(AE49/1000)*1.578*1,IF(AE49>16,"",IF(AE49<16,""))) | AK49: =IF(AE49=20,AA49*AB49*AC49*AD49*(AE49/1000)*2.466*1,IF(AE49>20,"",IF(AE49<20,""))) | AL49: =IF(AE49=25,AA49*AB49*AC49*AD49*(AE49/1000)*3.853*1,IF(AE49>25,"",IF(AE49<25,""))) | AM49: =IF(AE49=32,AA49*AB49*AC49*AD49*(AE49/1000)*6.313*1,IF(AE49>32,"",IF(AE49<32,""))) | AO49: A | AP49: =SUM(R49:Y49)+SUM(AN49) -> 0 | AQ49: =SUM(AF49:AM49) -> 0 | AR49: 1.95 | AS49: ES0101 quadro sapatas Zona A; Revit 1374089 | AT49: Extraído
K50: AS inf xx Ø12//0.10 | L50: =$E$49-2*0.05 -> 1.2 | M50: 0.1 | N50: =$C$49 -> 1 | O50: =CEILING(L50/M50,1)+1 -> 13 | P50: 12 | Q50: =$D$49-2*0.05+2*($F$49-2*0.05) -> 3.4 | R50: =IF(P50=6,N50*O50*Q50*0.222*1,IF(P50>6,"",IF(P50<6,""))) | S50: =IF(P50=8,N50*O50*Q50*0.395*1,IF(P50>8,"",IF(P50<8,""))) | T50: =IF(P50=10,N50*O50*Q50*0.617*1,IF(P50>10,"",IF(P50<10,""))) | U50: =IF(P50=12,N50*O50*Q50*0.888*1,IF(P50>12,"",IF(P50<12,""))) -> 39.2496 | V50: =IF(P50=16,N50*O50*Q50*1.578*1,IF(P50>16,"",IF(P50<16,""))) | W50: =IF(P50=20,N50*O50*Q50*2.466*1,IF(P50>20,"",IF(P50<20,""))) | X50: =IF(P50=25,N50*O50*Q50*3.853*1,IF(P50>25,"",IF(P50<25,""))) | Y50: =IF(P50=32,N50*O50*Q50*6.313*1,IF(P50>32,"",IF(P50<32,""))) | AA50: =IF(AC50>0,N50,"") | AB50: =IF(AC50>0,O50,"") | AE50: =IF(AC50>0,P50,"") | AF50: =IF(AE50=6,AA50*AB50*AC50*AD50*(AE50/1000)*0.222*1,IF(AE50>6,"",IF(AE50<6,""))) | AG50: =IF(AE50=8,AA50*AB50*AC50*AD50*(AE50/1000)*0.395*1,IF(AE50>8,"",IF(AE50<8,""))) | AH50: =IF(AE50=10,AA50*AB50*AC50*AD50*(AE50/1000)*0.617*1,IF(AE50>10,"",IF(AE50<10,""))) | AI50: =IF(AE50=12,AA50*AB50*AC50*AD50*(AE50/1000)*0.888*1,IF(AE50>12,"",IF(AE50<12,""))) | AJ50: =IF(AE50=16,AA50*AB50*AC50*AD50*(AE50/1000)*1.578*1,IF(AE50>16,"",IF(AE50<16,""))) | AK50: =IF(AE50=20,AA50*AB50*AC50*AD50*(AE50/1000)*2.466*1,IF(AE50>20,"",IF(AE50<20,""))) | AL50: =IF(AE50=25,AA50*AB50*AC50*AD50*(AE50/1000)*3.853*1,IF(AE50>25,"",IF(AE50<25,""))) | AM50: =IF(AE50=32,AA50*AB50*AC50*AD50*(AE50/1000)*6.313*1,IF(AE50>32,"",IF(AE50<32,""))) | AO50: A | AP50: =SUM(R50:Y50)+SUM(AN50) -> 39.2496 | AQ50: =SUM(AF50:AM50) -> 0 | AS50: varão em U (abas até à face oposta); recobrimento 5 cm (ES0101 pormenor tipo de sapatas) | AT50: Calculado
K51: AS inf yy Ø12//0.10 | L51: =$D$49-2*0.05 -> 2.4 | M51: 0.1 | N51: =$C$49 -> 1 | O51: =CEILING(L51/M51,1)+1 -> 25 | P51: 12 | Q51: =$E$49-2*0.05+2*($F$49-2*0.05) -> 2.2 | R51: =IF(P51=6,N51*O51*Q51*0.222*1,IF(P51>6,"",IF(P51<6,""))) | S51: =IF(P51=8,N51*O51*Q51*0.395*1,IF(P51>8,"",IF(P51<8,""))) | T51: =IF(P51=10,N51*O51*Q51*0.617*1,IF(P51>10,"",IF(P51<10,""))) | U51: =IF(P51=12,N51*O51*Q51*0.888*1,IF(P51>12,"",IF(P51<12,""))) -> 48.84 | V51: =IF(P51=16,N51*O51*Q51*1.578*1,IF(P51>16,"",IF(P51<16,""))) | W51: =IF(P51=20,N51*O51*Q51*2.466*1,IF(P51>20,"",IF(P51<20,""))) | X51: =IF(P51=25,N51*O51*Q51*3.853*1,IF(P51>25,"",IF(P51<25,""))) | Y51: =IF(P51=32,N51*O51*Q51*6.313*1,IF(P51>32,"",IF(P51<32,""))) | AA51: =IF(AC51>0,N51,"") | AB51: =IF(AC51>0,O51,"") | AE51: =IF(AC51>0,P51,"") | AF51: =IF(AE51=6,AA51*AB51*AC51*AD51*(AE51/1000)*0.222*1,IF(AE51>6,"",IF(AE51<6,""))) | AG51: =IF(AE51=8,AA51*AB51*AC51*AD51*(AE51/1000)*0.395*1,IF(AE51>8,"",IF(AE51<8,""))) | AH51: =IF(AE51=10,AA51*AB51*AC51*AD51*(AE51/1000)*0.617*1,IF(AE51>10,"",IF(AE51<10,""))) | AI51: =IF(AE51=12,AA51*AB51*AC51*AD51*(AE51/1000)*0.888*1,IF(AE51>12,"",IF(AE51<12,""))) | AJ51: =IF(AE51=16,AA51*AB51*AC51*AD51*(AE51/1000)*1.578*1,IF(AE51>16,"",IF(AE51<16,""))) | AK51: =IF(AE51=20,AA51*AB51*AC51*AD51*(AE51/1000)*2.466*1,IF(AE51>20,"",IF(AE51<20,""))) | AL51: =IF(AE51=25,AA51*AB51*AC51*AD51*(AE51/1000)*3.853*1,IF(AE51>25,"",IF(AE51<25,""))) | AM51: =IF(AE51=32,AA51*AB51*AC51*AD51*(AE51/1000)*6.313*1,IF(AE51>32,"",IF(AE51<32,""))) | AO51: A | AP51: =SUM(R51:Y51)+SUM(AN51) -> 48.84 | AQ51: =SUM(AF51:AM51) -> 0 | AS51: varão em U (abas até à face oposta); recobrimento 5 cm (ES0101 pormenor tipo de sapatas) | AT51: Calculado
K52: AS sup xx Ø12//0.10 | L52: =$E$49-2*0.05 -> 1.2 | M52: 0.1 | N52: =$C$49 -> 1 | O52: =CEILING(L52/M52,1)+1 -> 13 | P52: 12 | Q52: =$D$49-2*0.05+2*($F$49-2*0.05) -> 3.4 | R52: =IF(P52=6,N52*O52*Q52*0.222*1,IF(P52>6,"",IF(P52<6,""))) | S52: =IF(P52=8,N52*O52*Q52*0.395*1,IF(P52>8,"",IF(P52<8,""))) | T52: =IF(P52=10,N52*O52*Q52*0.617*1,IF(P52>10,"",IF(P52<10,""))) | U52: =IF(P52=12,N52*O52*Q52*0.888*1,IF(P52>12,"",IF(P52<12,""))) -> 39.2496 | V52: =IF(P52=16,N52*O52*Q52*1.578*1,IF(P52>16,"",IF(P52<16,""))) | W52: =IF(P52=20,N52*O52*Q52*2.466*1,IF(P52>20,"",IF(P52<20,""))) | X52: =IF(P52=25,N52*O52*Q52*3.853*1,IF(P52>25,"",IF(P52<25,""))) | Y52: =IF(P52=32,N52*O52*Q52*6.313*1,IF(P52>32,"",IF(P52<32,""))) | AA52: =IF(AC52>0,N52,"") | AB52: =IF(AC52>0,O52,"") | AE52: =IF(AC52>0,P52,"") | AF52: =IF(AE52=6,AA52*AB52*AC52*AD52*(AE52/1000)*0.222*1,IF(AE52>6,"",IF(AE52<6,""))) | AG52: =IF(AE52=8,AA52*AB52*AC52*AD52*(AE52/1000)*0.395*1,IF(AE52>8,"",IF(AE52<8,""))) | AH52: =IF(AE52=10,AA52*AB52*AC52*AD52*(AE52/1000)*0.617*1,IF(AE52>10,"",IF(AE52<10,""))) | AI52: =IF(AE52=12,AA52*AB52*AC52*AD52*(AE52/1000)*0.888*1,IF(AE52>12,"",IF(AE52<12,""))) | AJ52: =IF(AE52=16,AA52*AB52*AC52*AD52*(AE52/1000)*1.578*1,IF(AE52>16,"",IF(AE52<16,""))) | AK52: =IF(AE52=20,AA52*AB52*AC52*AD52*(AE52/1000)*2.466*1,IF(AE52>20,"",IF(AE52<20,""))) | AL52: =IF(AE52=25,AA52*AB52*AC52*AD52*(AE52/1000)*3.853*1,IF(AE52>25,"",IF(AE52<25,""))) | AM52: =IF(AE52=32,AA52*AB52*AC52*AD52*(AE52/1000)*6.313*1,IF(AE52>32,"",IF(AE52<32,""))) | AO52: A | AP52: =SUM(R52:Y52)+SUM(AN52) -> 39.2496 | AQ52: =SUM(AF52:AM52) -> 0 | AS52: varão em U (abas até à face oposta); recobrimento 5 cm (ES0101 pormenor tipo de sapatas) | AT52: Calculado
K53: AS sup yy Ø12//0.10 | L53: =$D$49-2*0.05 -> 2.4 | M53: 0.1 | N53: =$C$49 -> 1 | O53: =CEILING(L53/M53,1)+1 -> 25 | P53: 12 | Q53: =$E$49-2*0.05+2*($F$49-2*0.05) -> 2.2 | R53: =IF(P53=6,N53*O53*Q53*0.222*1,IF(P53>6,"",IF(P53<6,""))) | S53: =IF(P53=8,N53*O53*Q53*0.395*1,IF(P53>8,"",IF(P53<8,""))) | T53: =IF(P53=10,N53*O53*Q53*0.617*1,IF(P53>10,"",IF(P53<10,""))) | U53: =IF(P53=12,N53*O53*Q53*0.888*1,IF(P53>12,"",IF(P53<12,""))) -> 48.84 | V53: =IF(P53=16,N53*O53*Q53*1.578*1,IF(P53>16,"",IF(P53<16,""))) | W53: =IF(P53=20,N53*O53*Q53*2.466*1,IF(P53>20,"",IF(P53<20,""))) | X53: =IF(P53=25,N53*O53*Q53*3.853*1,IF(P53>25,"",IF(P53<25,""))) | Y53: =IF(P53=32,N53*O53*Q53*6.313*1,IF(P53>32,"",IF(P53<32,""))) | AA53: =IF(AC53>0,N53,"") | AB53: =IF(AC53>0,O53,"") | AE53: =IF(AC53>0,P53,"") | AF53: =IF(AE53=6,AA53*AB53*AC53*AD53*(AE53/1000)*0.222*1,IF(AE53>6,"",IF(AE53<6,""))) | AG53: =IF(AE53=8,AA53*AB53*AC53*AD53*(AE53/1000)*0.395*1,IF(AE53>8,"",IF(AE53<8,""))) | AH53: =IF(AE53=10,AA53*AB53*AC53*AD53*(AE53/1000)*0.617*1,IF(AE53>10,"",IF(AE53<10,""))) | AI53: =IF(AE53=12,AA53*AB53*AC53*AD53*(AE53/1000)*0.888*1,IF(AE53>12,"",IF(AE53<12,""))) | AJ53: =IF(AE53=16,AA53*AB53*AC53*AD53*(AE53/1000)*1.578*1,IF(AE53>16,"",IF(AE53<16,""))) | AK53: =IF(AE53=20,AA53*AB53*AC53*AD53*(AE53/1000)*2.466*1,IF(AE53>20,"",IF(AE53<20,""))) | AL53: =IF(AE53=25,AA53*AB53*AC53*AD53*(AE53/1000)*3.853*1,IF(AE53>25,"",IF(AE53<25,""))) | AM53: =IF(AE53=32,AA53*AB53*AC53*AD53*(AE53/1000)*6.313*1,IF(AE53>32,"",IF(AE53<32,""))) | AO53: A | AP53: =SUM(R53:Y53)+SUM(AN53) -> 48.84 | AQ53: =SUM(AF53:AM53) -> 0 | AS53: varão em U (abas até à face oposta); recobrimento 5 cm (ES0101 pormenor tipo de sapatas) | AT53: Calculado
K54: AS vd 4Ø12 (cintas perimetrais) | N54: =$C$49 -> 1 | O54: 4 | P54: 12 | Q54: =2*($D$49+$E$49)-8*0.05 -> 7.2 | R54: =IF(P54=6,N54*O54*Q54*0.222*1,IF(P54>6,"",IF(P54<6,""))) | S54: =IF(P54=8,N54*O54*Q54*0.395*1,IF(P54>8,"",IF(P54<8,""))) | T54: =IF(P54=10,N54*O54*Q54*0.617*1,IF(P54>10,"",IF(P54<10,""))) | U54: =IF(P54=12,N54*O54*Q54*0.888*1,IF(P54>12,"",IF(P54<12,""))) -> 25.5744 | V54: =IF(P54=16,N54*O54*Q54*1.578*1,IF(P54>16,"",IF(P54<16,""))) | W54: =IF(P54=20,N54*O54*Q54*2.466*1,IF(P54>20,"",IF(P54<20,""))) | X54: =IF(P54=25,N54*O54*Q54*3.853*1,IF(P54>25,"",IF(P54<25,""))) | Y54: =IF(P54=32,N54*O54*Q54*6.313*1,IF(P54>32,"",IF(P54<32,""))) | AA54: =IF(AC54>0,N54,"") -> 1 | AB54: =IF(AC54>0,O54,"") -> 4 | AC54: 1 | AD54: 50 | AE54: =IF(AC54>0,P54,"") -> 12 | AF54: =IF(AE54=6,AA54*AB54*AC54*AD54*(AE54/1000)*0.222*1,IF(AE54>6,"",IF(AE54<6,""))) | AG54: =IF(AE54=8,AA54*AB54*AC54*AD54*(AE54/1000)*0.395*1,IF(AE54>8,"",IF(AE54<8,""))) | AH54: =IF(AE54=10,AA54*AB54*AC54*AD54*(AE54/1000)*0.617*1,IF(AE54>10,"",IF(AE54<10,""))) | AI54: =IF(AE54=12,AA54*AB54*AC54*AD54*(AE54/1000)*0.888*1,IF(AE54>12,"",IF(AE54<12,""))) -> 2.1312 | AJ54: =IF(AE54=16,AA54*AB54*AC54*AD54*(AE54/1000)*1.578*1,IF(AE54>16,"",IF(AE54<16,""))) | AK54: =IF(AE54=20,AA54*AB54*AC54*AD54*(AE54/1000)*2.466*1,IF(AE54>20,"",IF(AE54<20,""))) | AL54: =IF(AE54=25,AA54*AB54*AC54*AD54*(AE54/1000)*3.853*1,IF(AE54>25,"",IF(AE54<25,""))) | AM54: =IF(AE54=32,AA54*AB54*AC54*AD54*(AE54/1000)*6.313*1,IF(AE54>32,"",IF(AE54<32,""))) | AO54: A | AP54: =SUM(R54:Y54)+SUM(AN54) -> 25.5744 | AQ54: =SUM(AF54:AM54) -> 2.1312 | AS54: interpretado: ASvd = cintas horizontais no contorno; 1 emenda 50Ø por cinta | AT54: Interpretado
K55: Esperas PA11, PA12 - 4Ø20 | N55: 2 | O55: 4 | P55: 20 | Q55: =MAX(50*20/1000,$F$49-2*0.05+0.15)+50*20/1000 -> 2 | R55: =IF(P55=6,N55*O55*Q55*0.222*1,IF(P55>6,"",IF(P55<6,""))) | S55: =IF(P55=8,N55*O55*Q55*0.395*1,IF(P55>8,"",IF(P55<8,""))) | T55: =IF(P55=10,N55*O55*Q55*0.617*1,IF(P55>10,"",IF(P55<10,""))) | U55: =IF(P55=12,N55*O55*Q55*0.888*1,IF(P55>12,"",IF(P55<12,""))) | V55: =IF(P55=16,N55*O55*Q55*1.578*1,IF(P55>16,"",IF(P55<16,""))) | W55: =IF(P55=20,N55*O55*Q55*2.466*1,IF(P55>20,"",IF(P55<20,""))) -> 39.456 | X55: =IF(P55=25,N55*O55*Q55*3.853*1,IF(P55>25,"",IF(P55<25,""))) | Y55: =IF(P55=32,N55*O55*Q55*6.313*1,IF(P55>32,"",IF(P55<32,""))) | AA55: =IF(AC55>0,N55,"") | AB55: =IF(AC55>0,O55,"") | AE55: =IF(AC55>0,P55,"") | AF55: =IF(AE55=6,AA55*AB55*AC55*AD55*(AE55/1000)*0.222*1,IF(AE55>6,"",IF(AE55<6,""))) | AG55: =IF(AE55=8,AA55*AB55*AC55*AD55*(AE55/1000)*0.395*1,IF(AE55>8,"",IF(AE55<8,""))) | AH55: =IF(AE55=10,AA55*AB55*AC55*AD55*(AE55/1000)*0.617*1,IF(AE55>10,"",IF(AE55<10,""))) | AI55: =IF(AE55=12,AA55*AB55*AC55*AD55*(AE55/1000)*0.888*1,IF(AE55>12,"",IF(AE55<12,""))) | AJ55: =IF(AE55=16,AA55*AB55*AC55*AD55*(AE55/1000)*1.578*1,IF(AE55>16,"",IF(AE55<16,""))) | AK55: =IF(AE55=20,AA55*AB55*AC55*AD55*(AE55/1000)*2.466*1,IF(AE55>20,"",IF(AE55<20,""))) | AL55: =IF(AE55=25,AA55*AB55*AC55*AD55*(AE55/1000)*3.853*1,IF(AE55>25,"",IF(AE55<25,""))) | AM55: =IF(AE55=32,AA55*AB55*AC55*AD55*(AE55/1000)*6.313*1,IF(AE55>32,"",IF(AE55<32,""))) | AO55: A | AP55: =SUM(R55:Y55)+SUM(AN55) -> 39.456 | AQ55: =SUM(AF55:AM55) -> 0 | AS55: amarração 50Ø na sapata + sobreposição 50Ø acima do topo (ES0101 pormenor tipo; notas emendas) | AT55: Interpretado
B57: ZONA B - SAPATAS ISOLADAS
B58: S1 (PB1 a PB5) | C58: 5 | D58: 1.1 | E58: 1.1 | F58: 0.5 | G58: =C58*D58*E58*F58 -> 3.025 | I58: =2*(D58+E58)*F58*C58 -> 11 | R58: =IF(P58=6,N58*O58*Q58*0.222*1,IF(P58>6,"",IF(P58<6,""))) | S58: =IF(P58=8,N58*O58*Q58*0.395*1,IF(P58>8,"",IF(P58<8,""))) | T58: =IF(P58=10,N58*O58*Q58*0.617*1,IF(P58>10,"",IF(P58<10,""))) | U58: =IF(P58=12,N58*O58*Q58*0.888*1,IF(P58>12,"",IF(P58<12,""))) | V58: =IF(P58=16,N58*O58*Q58*1.578*1,IF(P58>16,"",IF(P58<16,""))) | W58: =IF(P58=20,N58*O58*Q58*2.466*1,IF(P58>20,"",IF(P58<20,""))) | X58: =IF(P58=25,N58*O58*Q58*3.853*1,IF(P58>25,"",IF(P58<25,""))) | Y58: =IF(P58=32,N58*O58*Q58*6.313*1,IF(P58>32,"",IF(P58<32,""))) | AA58: =IF(AC58>0,N58,"") | AB58: =IF(AC58>0,O58,"") | AE58: =IF(AC58>0,P58,"") | AF58: =IF(AE58=6,AA58*AB58*AC58*AD58*(AE58/1000)*0.222*1,IF(AE58>6,"",IF(AE58<6,""))) | AG58: =IF(AE58=8,AA58*AB58*AC58*AD58*(AE58/1000)*0.395*1,IF(AE58>8,"",IF(AE58<8,""))) | AH58: =IF(AE58=10,AA58*AB58*AC58*AD58*(AE58/1000)*0.617*1,IF(AE58>10,"",IF(AE58<10,""))) | AI58: =IF(AE58=12,AA58*AB58*AC58*AD58*(AE58/1000)*0.888*1,IF(AE58>12,"",IF(AE58<12,""))) | AJ58: =IF(AE58=16,AA58*AB58*AC58*AD58*(AE58/1000)*1.578*1,IF(AE58>16,"",IF(AE58<16,""))) | AK58: =IF(AE58=20,AA58*AB58*AC58*AD58*(AE58/1000)*2.466*1,IF(AE58>20,"",IF(AE58<20,""))) | AL58: =IF(AE58=25,AA58*AB58*AC58*AD58*(AE58/1000)*3.853*1,IF(AE58>25,"",IF(AE58<25,""))) | AM58: =IF(AE58=32,AA58*AB58*AC58*AD58*(AE58/1000)*6.313*1,IF(AE58>32,"",IF(AE58<32,""))) | AO58: B | AP58: =SUM(R58:Y58)+SUM(AN58) -> 0 | AQ58: =SUM(AF58:AM58) -> 0 | AR58: 3.025 | AS58: ES0201 quadro sapatas Zona B; Revit 5 un. | AT58: Extraído
K59: AS inf xx Ø12//0.15 | L59: =$E$58-2*0.05 -> 1 | M59: 0.15 | N59: =$C$58 -> 5 | O59: =CEILING(L59/M59,1)+1 -> 8 | P59: 12 | Q59: =$D$58-2*0.05+2*($F$58-2*0.05) -> 1.8 | R59: =IF(P59=6,N59*O59*Q59*0.222*1,IF(P59>6,"",IF(P59<6,""))) | S59: =IF(P59=8,N59*O59*Q59*0.395*1,IF(P59>8,"",IF(P59<8,""))) | T59: =IF(P59=10,N59*O59*Q59*0.617*1,IF(P59>10,"",IF(P59<10,""))) | U59: =IF(P59=12,N59*O59*Q59*0.888*1,IF(P59>12,"",IF(P59<12,""))) -> 63.936 | V59: =IF(P59=16,N59*O59*Q59*1.578*1,IF(P59>16,"",IF(P59<16,""))) | W59: =IF(P59=20,N59*O59*Q59*2.466*1,IF(P59>20,"",IF(P59<20,""))) | X59: =IF(P59=25,N59*O59*Q59*3.853*1,IF(P59>25,"",IF(P59<25,""))) | Y59: =IF(P59=32,N59*O59*Q59*6.313*1,IF(P59>32,"",IF(P59<32,""))) | AA59: =IF(AC59>0,N59,"") | AB59: =IF(AC59>0,O59,"") | AE59: =IF(AC59>0,P59,"") | AF59: =IF(AE59=6,AA59*AB59*AC59*AD59*(AE59/1000)*0.222*1,IF(AE59>6,"",IF(AE59<6,""))) | AG59: =IF(AE59=8,AA59*AB59*AC59*AD59*(AE59/1000)*0.395*1,IF(AE59>8,"",IF(AE59<8,""))) | AH59: =IF(AE59=10,AA59*AB59*AC59*AD59*(AE59/1000)*0.617*1,IF(AE59>10,"",IF(AE59<10,""))) | AI59: =IF(AE59=12,AA59*AB59*AC59*AD59*(AE59/1000)*0.888*1,IF(AE59>12,"",IF(AE59<12,""))) | AJ59: =IF(AE59=16,AA59*AB59*AC59*AD59*(AE59/1000)*1.578*1,IF(AE59>16,"",IF(AE59<16,""))) | AK59: =IF(AE59=20,AA59*AB59*AC59*AD59*(AE59/1000)*2.466*1,IF(AE59>20,"",IF(AE59<20,""))) | AL59: =IF(AE59=25,AA59*AB59*AC59*AD59*(AE59/1000)*3.853*1,IF(AE59>25,"",IF(AE59<25,""))) | AM59: =IF(AE59=32,AA59*AB59*AC59*AD59*(AE59/1000)*6.313*1,IF(AE59>32,"",IF(AE59<32,""))) | AO59: B | AP59: =SUM(R59:Y59)+SUM(AN59) -> 63.936 | AQ59: =SUM(AF59:AM59) -> 0 | AS59: varão em U (abas até à face oposta); recobrimento 5 cm (ES0101 pormenor tipo de sapatas) | AT59: Calculado
K60: AS inf yy Ø12//0.15 | L60: =$D$58-2*0.05 -> 1 | M60: 0.15 | N60: =$C$58 -> 5 | O60: =CEILING(L60/M60,1)+1 -> 8 | P60: 12 | Q60: =$E$58-2*0.05+2*($F$58-2*0.05) -> 1.8 | R60: =IF(P60=6,N60*O60*Q60*0.222*1,IF(P60>6,"",IF(P60<6,""))) | S60: =IF(P60=8,N60*O60*Q60*0.395*1,IF(P60>8,"",IF(P60<8,""))) | T60: =IF(P60=10,N60*O60*Q60*0.617*1,IF(P60>10,"",IF(P60<10,""))) | U60: =IF(P60=12,N60*O60*Q60*0.888*1,IF(P60>12,"",IF(P60<12,""))) -> 63.936 | V60: =IF(P60=16,N60*O60*Q60*1.578*1,IF(P60>16,"",IF(P60<16,""))) | W60: =IF(P60=20,N60*O60*Q60*2.466*1,IF(P60>20,"",IF(P60<20,""))) | X60: =IF(P60=25,N60*O60*Q60*3.853*1,IF(P60>25,"",IF(P60<25,""))) | Y60: =IF(P60=32,N60*O60*Q60*6.313*1,IF(P60>32,"",IF(P60<32,""))) | AA60: =IF(AC60>0,N60,"") | AB60: =IF(AC60>0,O60,"") | AE60: =IF(AC60>0,P60,"") | AF60: =IF(AE60=6,AA60*AB60*AC60*AD60*(AE60/1000)*0.222*1,IF(AE60>6,"",IF(AE60<6,""))) | AG60: =IF(AE60=8,AA60*AB60*AC60*AD60*(AE60/1000)*0.395*1,IF(AE60>8,"",IF(AE60<8,""))) | AH60: =IF(AE60=10,AA60*AB60*AC60*AD60*(AE60/1000)*0.617*1,IF(AE60>10,"",IF(AE60<10,""))) | AI60: =IF(AE60=12,AA60*AB60*AC60*AD60*(AE60/1000)*0.888*1,IF(AE60>12,"",IF(AE60<12,""))) | AJ60: =IF(AE60=16,AA60*AB60*AC60*AD60*(AE60/1000)*1.578*1,IF(AE60>16,"",IF(AE60<16,""))) | AK60: =IF(AE60=20,AA60*AB60*AC60*AD60*(AE60/1000)*2.466*1,IF(AE60>20,"",IF(AE60<20,""))) | AL60: =IF(AE60=25,AA60*AB60*AC60*AD60*(AE60/1000)*3.853*1,IF(AE60>25,"",IF(AE60<25,""))) | AM60: =IF(AE60=32,AA60*AB60*AC60*AD60*(AE60/1000)*6.313*1,IF(AE60>32,"",IF(AE60<32,""))) | AO60: B | AP60: =SUM(R60:Y60)+SUM(AN60) -> 63.936 | AQ60: =SUM(AF60:AM60) -> 0 | AS60: varão em U (abas até à face oposta); recobrimento 5 cm (ES0101 pormenor tipo de sapatas) | AT60: Calculado
K61: AS sup xx Ø12//0.15 | L61: =$E$58-2*0.05 -> 1 | M61: 0.15 | N61: =$C$58 -> 5 | O61: =CEILING(L61/M61,1)+1 -> 8 | P61: 12 | Q61: =$D$58-2*0.05+2*($F$58-2*0.05) -> 1.8 | R61: =IF(P61=6,N61*O61*Q61*0.222*1,IF(P61>6,"",IF(P61<6,""))) | S61: =IF(P61=8,N61*O61*Q61*0.395*1,IF(P61>8,"",IF(P61<8,""))) | T61: =IF(P61=10,N61*O61*Q61*0.617*1,IF(P61>10,"",IF(P61<10,""))) | U61: =IF(P61=12,N61*O61*Q61*0.888*1,IF(P61>12,"",IF(P61<12,""))) -> 63.936 | V61: =IF(P61=16,N61*O61*Q61*1.578*1,IF(P61>16,"",IF(P61<16,""))) | W61: =IF(P61=20,N61*O61*Q61*2.466*1,IF(P61>20,"",IF(P61<20,""))) | X61: =IF(P61=25,N61*O61*Q61*3.853*1,IF(P61>25,"",IF(P61<25,""))) | Y61: =IF(P61=32,N61*O61*Q61*6.313*1,IF(P61>32,"",IF(P61<32,""))) | AA61: =IF(AC61>0,N61,"") | AB61: =IF(AC61>0,O61,"") | AE61: =IF(AC61>0,P61,"") | AF61: =IF(AE61=6,AA61*AB61*AC61*AD61*(AE61/1000)*0.222*1,IF(AE61>6,"",IF(AE61<6,""))) | AG61: =IF(AE61=8,AA61*AB61*AC61*AD61*(AE61/1000)*0.395*1,IF(AE61>8,"",IF(AE61<8,""))) | AH61: =IF(AE61=10,AA61*AB61*AC61*AD61*(AE61/1000)*0.617*1,IF(AE61>10,"",IF(AE61<10,""))) | AI61: =IF(AE61=12,AA61*AB61*AC61*AD61*(AE61/1000)*0.888*1,IF(AE61>12,"",IF(AE61<12,""))) | AJ61: =IF(AE61=16,AA61*AB61*AC61*AD61*(AE61/1000)*1.578*1,IF(AE61>16,"",IF(AE61<16,""))) | AK61: =IF(AE61=20,AA61*AB61*AC61*AD61*(AE61/1000)*2.466*1,IF(AE61>20,"",IF(AE61<20,""))) | AL61: =IF(AE61=25,AA61*AB61*AC61*AD61*(AE61/1000)*3.853*1,IF(AE61>25,"",IF(AE61<25,""))) | AM61: =IF(AE61=32,AA61*AB61*AC61*AD61*(AE61/1000)*6.313*1,IF(AE61>32,"",IF(AE61<32,""))) | AO61: B | AP61: =SUM(R61:Y61)+SUM(AN61) -> 63.936 | AQ61: =SUM(AF61:AM61) -> 0 | AS61: varão em U (abas até à face oposta); recobrimento 5 cm (ES0101 pormenor tipo de sapatas) | AT61: Calculado
K62: AS sup yy Ø12//0.15 | L62: =$D$58-2*0.05 -> 1 | M62: 0.15 | N62: =$C$58 -> 5 | O62: =CEILING(L62/M62,1)+1 -> 8 | P62: 12 | Q62: =$E$58-2*0.05+2*($F$58-2*0.05) -> 1.8 | R62: =IF(P62=6,N62*O62*Q62*0.222*1,IF(P62>6,"",IF(P62<6,""))) | S62: =IF(P62=8,N62*O62*Q62*0.395*1,IF(P62>8,"",IF(P62<8,""))) | T62: =IF(P62=10,N62*O62*Q62*0.617*1,IF(P62>10,"",IF(P62<10,""))) | U62: =IF(P62=12,N62*O62*Q62*0.888*1,IF(P62>12,"",IF(P62<12,""))) -> 63.936 | V62: =IF(P62=16,N62*O62*Q62*1.578*1,IF(P62>16,"",IF(P62<16,""))) | W62: =IF(P62=20,N62*O62*Q62*2.466*1,IF(P62>20,"",IF(P62<20,""))) | X62: =IF(P62=25,N62*O62*Q62*3.853*1,IF(P62>25,"",IF(P62<25,""))) | Y62: =IF(P62=32,N62*O62*Q62*6.313*1,IF(P62>32,"",IF(P62<32,""))) | AA62: =IF(AC62>0,N62,"") | AB62: =IF(AC62>0,O62,"") | AE62: =IF(AC62>0,P62,"") | AF62: =IF(AE62=6,AA62*AB62*AC62*AD62*(AE62/1000)*0.222*1,IF(AE62>6,"",IF(AE62<6,""))) | AG62: =IF(AE62=8,AA62*AB62*AC62*AD62*(AE62/1000)*0.395*1,IF(AE62>8,"",IF(AE62<8,""))) | AH62: =IF(AE62=10,AA62*AB62*AC62*AD62*(AE62/1000)*0.617*1,IF(AE62>10,"",IF(AE62<10,""))) | AI62: =IF(AE62=12,AA62*AB62*AC62*AD62*(AE62/1000)*0.888*1,IF(AE62>12,"",IF(AE62<12,""))) | AJ62: =IF(AE62=16,AA62*AB62*AC62*AD62*(AE62/1000)*1.578*1,IF(AE62>16,"",IF(AE62<16,""))) | AK62: =IF(AE62=20,AA62*AB62*AC62*AD62*(AE62/1000)*2.466*1,IF(AE62>20,"",IF(AE62<20,""))) | AL62: =IF(AE62=25,AA62*AB62*AC62*AD62*(AE62/1000)*3.853*1,IF(AE62>25,"",IF(AE62<25,""))) | AM62: =IF(AE62=32,AA62*AB62*AC62*AD62*(AE62/1000)*6.313*1,IF(AE62>32,"",IF(AE62<32,""))) | AO62: B | AP62: =SUM(R62:Y62)+SUM(AN62) -> 63.936 | AQ62: =SUM(AF62:AM62) -> 0 | AS62: varão em U (abas até à face oposta); recobrimento 5 cm (ES0101 pormenor tipo de sapatas) | AT62: Calculado
K63: AS vd 4Ø12 (cintas perimetrais) | N63: =$C$58 -> 5 | O63: 4 | P63: 12 | Q63: =2*($D$58+$E$58)-8*0.05 -> 4 | R63: =IF(P63=6,N63*O63*Q63*0.222*1,IF(P63>6,"",IF(P63<6,""))) | S63: =IF(P63=8,N63*O63*Q63*0.395*1,IF(P63>8,"",IF(P63<8,""))) | T63: =IF(P63=10,N63*O63*Q63*0.617*1,IF(P63>10,"",IF(P63<10,""))) | U63: =IF(P63=12,N63*O63*Q63*0.888*1,IF(P63>12,"",IF(P63<12,""))) -> 71.04 | V63: =IF(P63=16,N63*O63*Q63*1.578*1,IF(P63>16,"",IF(P63<16,""))) | W63: =IF(P63=20,N63*O63*Q63*2.466*1,IF(P63>20,"",IF(P63<20,""))) | X63: =IF(P63=25,N63*O63*Q63*3.853*1,IF(P63>25,"",IF(P63<25,""))) | Y63: =IF(P63=32,N63*O63*Q63*6.313*1,IF(P63>32,"",IF(P63<32,""))) | AA63: =IF(AC63>0,N63,"") -> 5 | AB63: =IF(AC63>0,O63,"") -> 4 | AC63: 1 | AD63: 50 | AE63: =IF(AC63>0,P63,"") -> 12 | AF63: =IF(AE63=6,AA63*AB63*AC63*AD63*(AE63/1000)*0.222*1,IF(AE63>6,"",IF(AE63<6,""))) | AG63: =IF(AE63=8,AA63*AB63*AC63*AD63*(AE63/1000)*0.395*1,IF(AE63>8,"",IF(AE63<8,""))) | AH63: =IF(AE63=10,AA63*AB63*AC63*AD63*(AE63/1000)*0.617*1,IF(AE63>10,"",IF(AE63<10,""))) | AI63: =IF(AE63=12,AA63*AB63*AC63*AD63*(AE63/1000)*0.888*1,IF(AE63>12,"",IF(AE63<12,""))) -> 10.656 | AJ63: =IF(AE63=16,AA63*AB63*AC63*AD63*(AE63/1000)*1.578*1,IF(AE63>16,"",IF(AE63<16,""))) | AK63: =IF(AE63=20,AA63*AB63*AC63*AD63*(AE63/1000)*2.466*1,IF(AE63>20,"",IF(AE63<20,""))) | AL63: =IF(AE63=25,AA63*AB63*AC63*AD63*(AE63/1000)*3.853*1,IF(AE63>25,"",IF(AE63<25,""))) | AM63: =IF(AE63=32,AA63*AB63*AC63*AD63*(AE63/1000)*6.313*1,IF(AE63>32,"",IF(AE63<32,""))) | AO63: B | AP63: =SUM(R63:Y63)+SUM(AN63) -> 71.04 | AQ63: =SUM(AF63:AM63) -> 10.656 | AS63: interpretado: ASvd = cintas horizontais no contorno; 1 emenda 50Ø por cinta | AT63: Interpretado
K64: Esperas PB1..PB4 - 4Ø16 | N64: 4 | O64: 4 | P64: 16 | Q64: =MAX(50*16/1000,$F$58-2*0.05+0.15)+50*16/1000 -> 1.6 | R64: =IF(P64=6,N64*O64*Q64*0.222*1,IF(P64>6,"",IF(P64<6,""))) | S64: =IF(P64=8,N64*O64*Q64*0.395*1,IF(P64>8,"",IF(P64<8,""))) | T64: =IF(P64=10,N64*O64*Q64*0.617*1,IF(P64>10,"",IF(P64<10,""))) | U64: =IF(P64=12,N64*O64*Q64*0.888*1,IF(P64>12,"",IF(P64<12,""))) | V64: =IF(P64=16,N64*O64*Q64*1.578*1,IF(P64>16,"",IF(P64<16,""))) -> 40.3968 | W64: =IF(P64=20,N64*O64*Q64*2.466*1,IF(P64>20,"",IF(P64<20,""))) | X64: =IF(P64=25,N64*O64*Q64*3.853*1,IF(P64>25,"",IF(P64<25,""))) | Y64: =IF(P64=32,N64*O64*Q64*6.313*1,IF(P64>32,"",IF(P64<32,""))) | AA64: =IF(AC64>0,N64,"") | AB64: =IF(AC64>0,O64,"") | AE64: =IF(AC64>0,P64,"") | AF64: =IF(AE64=6,AA64*AB64*AC64*AD64*(AE64/1000)*0.222*1,IF(AE64>6,"",IF(AE64<6,""))) | AG64: =IF(AE64=8,AA64*AB64*AC64*AD64*(AE64/1000)*0.395*1,IF(AE64>8,"",IF(AE64<8,""))) | AH64: =IF(AE64=10,AA64*AB64*AC64*AD64*(AE64/1000)*0.617*1,IF(AE64>10,"",IF(AE64<10,""))) | AI64: =IF(AE64=12,AA64*AB64*AC64*AD64*(AE64/1000)*0.888*1,IF(AE64>12,"",IF(AE64<12,""))) | AJ64: =IF(AE64=16,AA64*AB64*AC64*AD64*(AE64/1000)*1.578*1,IF(AE64>16,"",IF(AE64<16,""))) | AK64: =IF(AE64=20,AA64*AB64*AC64*AD64*(AE64/1000)*2.466*1,IF(AE64>20,"",IF(AE64<20,""))) | AL64: =IF(AE64=25,AA64*AB64*AC64*AD64*(AE64/1000)*3.853*1,IF(AE64>25,"",IF(AE64<25,""))) | AM64: =IF(AE64=32,AA64*AB64*AC64*AD64*(AE64/1000)*6.313*1,IF(AE64>32,"",IF(AE64<32,""))) | AO64: B | AP64: =SUM(R64:Y64)+SUM(AN64) -> 40.3968 | AQ64: =SUM(AF64:AM64) -> 0 | AS64: amarração 50Ø na sapata + sobreposição 50Ø acima do topo (ES0101 pormenor tipo; notas emendas) | AT64: Interpretado
K65: Esperas PB1..PB4 - 2Ø12 | N65: 4 | O65: 2 | P65: 12 | Q65: =MAX(50*12/1000,$F$58-2*0.05+0.15)+50*12/1000 -> 1.2 | R65: =IF(P65=6,N65*O65*Q65*0.222*1,IF(P65>6,"",IF(P65<6,""))) | S65: =IF(P65=8,N65*O65*Q65*0.395*1,IF(P65>8,"",IF(P65<8,""))) | T65: =IF(P65=10,N65*O65*Q65*0.617*1,IF(P65>10,"",IF(P65<10,""))) | U65: =IF(P65=12,N65*O65*Q65*0.888*1,IF(P65>12,"",IF(P65<12,""))) -> 8.5248 | V65: =IF(P65=16,N65*O65*Q65*1.578*1,IF(P65>16,"",IF(P65<16,""))) | W65: =IF(P65=20,N65*O65*Q65*2.466*1,IF(P65>20,"",IF(P65<20,""))) | X65: =IF(P65=25,N65*O65*Q65*3.853*1,IF(P65>25,"",IF(P65<25,""))) | Y65: =IF(P65=32,N65*O65*Q65*6.313*1,IF(P65>32,"",IF(P65<32,""))) | AA65: =IF(AC65>0,N65,"") | AB65: =IF(AC65>0,O65,"") | AE65: =IF(AC65>0,P65,"") | AF65: =IF(AE65=6,AA65*AB65*AC65*AD65*(AE65/1000)*0.222*1,IF(AE65>6,"",IF(AE65<6,""))) | AG65: =IF(AE65=8,AA65*AB65*AC65*AD65*(AE65/1000)*0.395*1,IF(AE65>8,"",IF(AE65<8,""))) | AH65: =IF(AE65=10,AA65*AB65*AC65*AD65*(AE65/1000)*0.617*1,IF(AE65>10,"",IF(AE65<10,""))) | AI65: =IF(AE65=12,AA65*AB65*AC65*AD65*(AE65/1000)*0.888*1,IF(AE65>12,"",IF(AE65<12,""))) | AJ65: =IF(AE65=16,AA65*AB65*AC65*AD65*(AE65/1000)*1.578*1,IF(AE65>16,"",IF(AE65<16,""))) | AK65: =IF(AE65=20,AA65*AB65*AC65*AD65*(AE65/1000)*2.466*1,IF(AE65>20,"",IF(AE65<20,""))) | AL65: =IF(AE65=25,AA65*AB65*AC65*AD65*(AE65/1000)*3.853*1,IF(AE65>25,"",IF(AE65<25,""))) | AM65: =IF(AE65=32,AA65*AB65*AC65*AD65*(AE65/1000)*6.313*1,IF(AE65>32,"",IF(AE65<32,""))) | AO65: B | AP65: =SUM(R65:Y65)+SUM(AN65) -> 8.5248 | AQ65: =SUM(AF65:AM65) -> 0 | AS65: amarração 50Ø na sapata + sobreposição 50Ø acima do topo (ES0101 pormenor tipo; notas emendas) | AT65: Interpretado
K66: Esperas PB5 - 4Ø16 | N66: 1 | O66: 4 | P66: 16 | Q66: =MAX(50*16/1000,$F$58-2*0.05+0.15)+50*16/1000 -> 1.6 | R66: =IF(P66=6,N66*O66*Q66*0.222*1,IF(P66>6,"",IF(P66<6,""))) | S66: =IF(P66=8,N66*O66*Q66*0.395*1,IF(P66>8,"",IF(P66<8,""))) | T66: =IF(P66=10,N66*O66*Q66*0.617*1,IF(P66>10,"",IF(P66<10,""))) | U66: =IF(P66=12,N66*O66*Q66*0.888*1,IF(P66>12,"",IF(P66<12,""))) | V66: =IF(P66=16,N66*O66*Q66*1.578*1,IF(P66>16,"",IF(P66<16,""))) -> 10.0992 | W66: =IF(P66=20,N66*O66*Q66*2.466*1,IF(P66>20,"",IF(P66<20,""))) | X66: =IF(P66=25,N66*O66*Q66*3.853*1,IF(P66>25,"",IF(P66<25,""))) | Y66: =IF(P66=32,N66*O66*Q66*6.313*1,IF(P66>32,"",IF(P66<32,""))) | AA66: =IF(AC66>0,N66,"") | AB66: =IF(AC66>0,O66,"") | AE66: =IF(AC66>0,P66,"") | AF66: =IF(AE66=6,AA66*AB66*AC66*AD66*(AE66/1000)*0.222*1,IF(AE66>6,"",IF(AE66<6,""))) | AG66: =IF(AE66=8,AA66*AB66*AC66*AD66*(AE66/1000)*0.395*1,IF(AE66>8,"",IF(AE66<8,""))) | AH66: =IF(AE66=10,AA66*AB66*AC66*AD66*(AE66/1000)*0.617*1,IF(AE66>10,"",IF(AE66<10,""))) | AI66: =IF(AE66=12,AA66*AB66*AC66*AD66*(AE66/1000)*0.888*1,IF(AE66>12,"",IF(AE66<12,""))) | AJ66: =IF(AE66=16,AA66*AB66*AC66*AD66*(AE66/1000)*1.578*1,IF(AE66>16,"",IF(AE66<16,""))) | AK66: =IF(AE66=20,AA66*AB66*AC66*AD66*(AE66/1000)*2.466*1,IF(AE66>20,"",IF(AE66<20,""))) | AL66: =IF(AE66=25,AA66*AB66*AC66*AD66*(AE66/1000)*3.853*1,IF(AE66>25,"",IF(AE66<25,""))) | AM66: =IF(AE66=32,AA66*AB66*AC66*AD66*(AE66/1000)*6.313*1,IF(AE66>32,"",IF(AE66<32,""))) | AO66: B | AP66: =SUM(R66:Y66)+SUM(AN66) -> 10.0992 | AQ66: =SUM(AF66:AM66) -> 0 | AS66: amarração 50Ø na sapata + sobreposição 50Ø acima do topo (ES0101 pormenor tipo; notas emendas) | AT66: Interpretado
B68: S5 (PB6 a PB9) | C68: 4 | D68: 1.7 | E68: 1.2 | F68: 0.5 | G68: =C68*D68*E68*F68 -> 4.08 | I68: =2*(D68+E68)*F68*C68 -> 11.6 | R68: =IF(P68=6,N68*O68*Q68*0.222*1,IF(P68>6,"",IF(P68<6,""))) | S68: =IF(P68=8,N68*O68*Q68*0.395*1,IF(P68>8,"",IF(P68<8,""))) | T68: =IF(P68=10,N68*O68*Q68*0.617*1,IF(P68>10,"",IF(P68<10,""))) | U68: =IF(P68=12,N68*O68*Q68*0.888*1,IF(P68>12,"",IF(P68<12,""))) | V68: =IF(P68=16,N68*O68*Q68*1.578*1,IF(P68>16,"",IF(P68<16,""))) | W68: =IF(P68=20,N68*O68*Q68*2.466*1,IF(P68>20,"",IF(P68<20,""))) | X68: =IF(P68=25,N68*O68*Q68*3.853*1,IF(P68>25,"",IF(P68<25,""))) | Y68: =IF(P68=32,N68*O68*Q68*6.313*1,IF(P68>32,"",IF(P68<32,""))) | AA68: =IF(AC68>0,N68,"") | AB68: =IF(AC68>0,O68,"") | AE68: =IF(AC68>0,P68,"") | AF68: =IF(AE68=6,AA68*AB68*AC68*AD68*(AE68/1000)*0.222*1,IF(AE68>6,"",IF(AE68<6,""))) | AG68: =IF(AE68=8,AA68*AB68*AC68*AD68*(AE68/1000)*0.395*1,IF(AE68>8,"",IF(AE68<8,""))) | AH68: =IF(AE68=10,AA68*AB68*AC68*AD68*(AE68/1000)*0.617*1,IF(AE68>10,"",IF(AE68<10,""))) | AI68: =IF(AE68=12,AA68*AB68*AC68*AD68*(AE68/1000)*0.888*1,IF(AE68>12,"",IF(AE68<12,""))) | AJ68: =IF(AE68=16,AA68*AB68*AC68*AD68*(AE68/1000)*1.578*1,IF(AE68>16,"",IF(AE68<16,""))) | AK68: =IF(AE68=20,AA68*AB68*AC68*AD68*(AE68/1000)*2.466*1,IF(AE68>20,"",IF(AE68<20,""))) | AL68: =IF(AE68=25,AA68*AB68*AC68*AD68*(AE68/1000)*3.853*1,IF(AE68>25,"",IF(AE68<25,""))) | AM68: =IF(AE68=32,AA68*AB68*AC68*AD68*(AE68/1000)*6.313*1,IF(AE68>32,"",IF(AE68<32,""))) | AO68: B | AP68: =SUM(R68:Y68)+SUM(AN68) -> 0 | AQ68: =SUM(AF68:AM68) -> 0 | AR68: 4.08 | AS68: ES0201 quadro sapatas Zona B; Revit 4 un. | AT68: Extraído
K69: AS inf xx Ø16//0.125 | L69: =$E$68-2*0.05 -> 1.1 | M69: 0.125 | N69: =$C$68 -> 4 | O69: =CEILING(L69/M69,1)+1 -> 10 | P69: 16 | Q69: =$D$68-2*0.05+2*($F$68-2*0.05) -> 2.4 | R69: =IF(P69=6,N69*O69*Q69*0.222*1,IF(P69>6,"",IF(P69<6,""))) | S69: =IF(P69=8,N69*O69*Q69*0.395*1,IF(P69>8,"",IF(P69<8,""))) | T69: =IF(P69=10,N69*O69*Q69*0.617*1,IF(P69>10,"",IF(P69<10,""))) | U69: =IF(P69=12,N69*O69*Q69*0.888*1,IF(P69>12,"",IF(P69<12,""))) | V69: =IF(P69=16,N69*O69*Q69*1.578*1,IF(P69>16,"",IF(P69<16,""))) -> 151.488 | W69: =IF(P69=20,N69*O69*Q69*2.466*1,IF(P69>20,"",IF(P69<20,""))) | X69: =IF(P69=25,N69*O69*Q69*3.853*1,IF(P69>25,"",IF(P69<25,""))) | Y69: =IF(P69=32,N69*O69*Q69*6.313*1,IF(P69>32,"",IF(P69<32,""))) | AA69: =IF(AC69>0,N69,"") | AB69: =IF(AC69>0,O69,"") | AE69: =IF(AC69>0,P69,"") | AF69: =IF(AE69=6,AA69*AB69*AC69*AD69*(AE69/1000)*0.222*1,IF(AE69>6,"",IF(AE69<6,""))) | AG69: =IF(AE69=8,AA69*AB69*AC69*AD69*(AE69/1000)*0.395*1,IF(AE69>8,"",IF(AE69<8,""))) | AH69: =IF(AE69=10,AA69*AB69*AC69*AD69*(AE69/1000)*0.617*1,IF(AE69>10,"",IF(AE69<10,""))) | AI69: =IF(AE69=12,AA69*AB69*AC69*AD69*(AE69/1000)*0.888*1,IF(AE69>12,"",IF(AE69<12,""))) | AJ69: =IF(AE69=16,AA69*AB69*AC69*AD69*(AE69/1000)*1.578*1,IF(AE69>16,"",IF(AE69<16,""))) | AK69: =IF(AE69=20,AA69*AB69*AC69*AD69*(AE69/1000)*2.466*1,IF(AE69>20,"",IF(AE69<20,""))) | AL69: =IF(AE69=25,AA69*AB69*AC69*AD69*(AE69/1000)*3.853*1,IF(AE69>25,"",IF(AE69<25,""))) | AM69: =IF(AE69=32,AA69*AB69*AC69*AD69*(AE69/1000)*6.313*1,IF(AE69>32,"",IF(AE69<32,""))) | AO69: B | AP69: =SUM(R69:Y69)+SUM(AN69) -> 151.488 | AQ69: =SUM(AF69:AM69) -> 0 | AS69: varão em U (abas até à face oposta); recobrimento 5 cm (ES0101 pormenor tipo de sapatas) | AT69: Calculado
K70: AS inf yy Ø16//0.125 | L70: =$D$68-2*0.05 -> 1.6 | M70: 0.125 | N70: =$C$68 -> 4 | O70: =CEILING(L70/M70,1)+1 -> 14 | P70: 16 | Q70: =$E$68-2*0.05+2*($F$68-2*0.05) -> 1.9 | R70: =IF(P70=6,N70*O70*Q70*0.222*1,IF(P70>6,"",IF(P70<6,""))) | S70: =IF(P70=8,N70*O70*Q70*0.395*1,IF(P70>8,"",IF(P70<8,""))) | T70: =IF(P70=10,N70*O70*Q70*0.617*1,IF(P70>10,"",IF(P70<10,""))) | U70: =IF(P70=12,N70*O70*Q70*0.888*1,IF(P70>12,"",IF(P70<12,""))) | V70: =IF(P70=16,N70*O70*Q70*1.578*1,IF(P70>16,"",IF(P70<16,""))) -> 167.8992 | W70: =IF(P70=20,N70*O70*Q70*2.466*1,IF(P70>20,"",IF(P70<20,""))) | X70: =IF(P70=25,N70*O70*Q70*3.853*1,IF(P70>25,"",IF(P70<25,""))) | Y70: =IF(P70=32,N70*O70*Q70*6.313*1,IF(P70>32,"",IF(P70<32,""))) | AA70: =IF(AC70>0,N70,"") | AB70: =IF(AC70>0,O70,"") | AE70: =IF(AC70>0,P70,"") | AF70: =IF(AE70=6,AA70*AB70*AC70*AD70*(AE70/1000)*0.222*1,IF(AE70>6,"",IF(AE70<6,""))) | AG70: =IF(AE70=8,AA70*AB70*AC70*AD70*(AE70/1000)*0.395*1,IF(AE70>8,"",IF(AE70<8,""))) | AH70: =IF(AE70=10,AA70*AB70*AC70*AD70*(AE70/1000)*0.617*1,IF(AE70>10,"",IF(AE70<10,""))) | AI70: =IF(AE70=12,AA70*AB70*AC70*AD70*(AE70/1000)*0.888*1,IF(AE70>12,"",IF(AE70<12,""))) | AJ70: =IF(AE70=16,AA70*AB70*AC70*AD70*(AE70/1000)*1.578*1,IF(AE70>16,"",IF(AE70<16,""))) | AK70: =IF(AE70=20,AA70*AB70*AC70*AD70*(AE70/1000)*2.466*1,IF(AE70>20,"",IF(AE70<20,""))) | AL70: =IF(AE70=25,AA70*AB70*AC70*AD70*(AE70/1000)*3.853*1,IF(AE70>25,"",IF(AE70<25,""))) | AM70: =IF(AE70=32,AA70*AB70*AC70*AD70*(AE70/1000)*6.313*1,IF(AE70>32,"",IF(AE70<32,""))) | AO70: B | AP70: =SUM(R70:Y70)+SUM(AN70) -> 167.8992 | AQ70: =SUM(AF70:AM70) -> 0 | AS70: varão em U (abas até à face oposta); recobrimento 5 cm (ES0101 pormenor tipo de sapatas) | AT70: Calculado
K71: AS sup xx Ø16//0.20 | L71: =$E$68-2*0.05 -> 1.1 | M71: 0.2 | N71: =$C$68 -> 4 | O71: =CEILING(L71/M71,1)+1 -> 7 | P71: 16 | Q71: =$D$68-2*0.05+2*($F$68-2*0.05) -> 2.4 | R71: =IF(P71=6,N71*O71*Q71*0.222*1,IF(P71>6,"",IF(P71<6,""))) | S71: =IF(P71=8,N71*O71*Q71*0.395*1,IF(P71>8,"",IF(P71<8,""))) | T71: =IF(P71=10,N71*O71*Q71*0.617*1,IF(P71>10,"",IF(P71<10,""))) | U71: =IF(P71=12,N71*O71*Q71*0.888*1,IF(P71>12,"",IF(P71<12,""))) | V71: =IF(P71=16,N71*O71*Q71*1.578*1,IF(P71>16,"",IF(P71<16,""))) -> 106.0416 | W71: =IF(P71=20,N71*O71*Q71*2.466*1,IF(P71>20,"",IF(P71<20,""))) | X71: =IF(P71=25,N71*O71*Q71*3.853*1,IF(P71>25,"",IF(P71<25,""))) | Y71: =IF(P71=32,N71*O71*Q71*6.313*1,IF(P71>32,"",IF(P71<32,""))) | AA71: =IF(AC71>0,N71,"") | AB71: =IF(AC71>0,O71,"") | AE71: =IF(AC71>0,P71,"") | AF71: =IF(AE71=6,AA71*AB71*AC71*AD71*(AE71/1000)*0.222*1,IF(AE71>6,"",IF(AE71<6,""))) | AG71: =IF(AE71=8,AA71*AB71*AC71*AD71*(AE71/1000)*0.395*1,IF(AE71>8,"",IF(AE71<8,""))) | AH71: =IF(AE71=10,AA71*AB71*AC71*AD71*(AE71/1000)*0.617*1,IF(AE71>10,"",IF(AE71<10,""))) | AI71: =IF(AE71=12,AA71*AB71*AC71*AD71*(AE71/1000)*0.888*1,IF(AE71>12,"",IF(AE71<12,""))) | AJ71: =IF(AE71=16,AA71*AB71*AC71*AD71*(AE71/1000)*1.578*1,IF(AE71>16,"",IF(AE71<16,""))) | AK71: =IF(AE71=20,AA71*AB71*AC71*AD71*(AE71/1000)*2.466*1,IF(AE71>20,"",IF(AE71<20,""))) | AL71: =IF(AE71=25,AA71*AB71*AC71*AD71*(AE71/1000)*3.853*1,IF(AE71>25,"",IF(AE71<25,""))) | AM71: =IF(AE71=32,AA71*AB71*AC71*AD71*(AE71/1000)*6.313*1,IF(AE71>32,"",IF(AE71<32,""))) | AO71: B | AP71: =SUM(R71:Y71)+SUM(AN71) -> 106.0416 | AQ71: =SUM(AF71:AM71) -> 0 | AS71: varão em U (abas até à face oposta); recobrimento 5 cm (ES0101 pormenor tipo de sapatas) | AT71: Calculado
K72: AS sup yy Ø16//0.20 | L72: =$D$68-2*0.05 -> 1.6 | M72: 0.2 | N72: =$C$68 -> 4 | O72: =CEILING(L72/M72,1)+1 -> 9 | P72: 16 | Q72: =$E$68-2*0.05+2*($F$68-2*0.05) -> 1.9 | R72: =IF(P72=6,N72*O72*Q72*0.222*1,IF(P72>6,"",IF(P72<6,""))) | S72: =IF(P72=8,N72*O72*Q72*0.395*1,IF(P72>8,"",IF(P72<8,""))) | T72: =IF(P72=10,N72*O72*Q72*0.617*1,IF(P72>10,"",IF(P72<10,""))) | U72: =IF(P72=12,N72*O72*Q72*0.888*1,IF(P72>12,"",IF(P72<12,""))) | V72: =IF(P72=16,N72*O72*Q72*1.578*1,IF(P72>16,"",IF(P72<16,""))) -> 107.9352 | W72: =IF(P72=20,N72*O72*Q72*2.466*1,IF(P72>20,"",IF(P72<20,""))) | X72: =IF(P72=25,N72*O72*Q72*3.853*1,IF(P72>25,"",IF(P72<25,""))) | Y72: =IF(P72=32,N72*O72*Q72*6.313*1,IF(P72>32,"",IF(P72<32,""))) | AA72: =IF(AC72>0,N72,"") | AB72: =IF(AC72>0,O72,"") | AE72: =IF(AC72>0,P72,"") | AF72: =IF(AE72=6,AA72*AB72*AC72*AD72*(AE72/1000)*0.222*1,IF(AE72>6,"",IF(AE72<6,""))) | AG72: =IF(AE72=8,AA72*AB72*AC72*AD72*(AE72/1000)*0.395*1,IF(AE72>8,"",IF(AE72<8,""))) | AH72: =IF(AE72=10,AA72*AB72*AC72*AD72*(AE72/1000)*0.617*1,IF(AE72>10,"",IF(AE72<10,""))) | AI72: =IF(AE72=12,AA72*AB72*AC72*AD72*(AE72/1000)*0.888*1,IF(AE72>12,"",IF(AE72<12,""))) | AJ72: =IF(AE72=16,AA72*AB72*AC72*AD72*(AE72/1000)*1.578*1,IF(AE72>16,"",IF(AE72<16,""))) | AK72: =IF(AE72=20,AA72*AB72*AC72*AD72*(AE72/1000)*2.466*1,IF(AE72>20,"",IF(AE72<20,""))) | AL72: =IF(AE72=25,AA72*AB72*AC72*AD72*(AE72/1000)*3.853*1,IF(AE72>25,"",IF(AE72<25,""))) | AM72: =IF(AE72=32,AA72*AB72*AC72*AD72*(AE72/1000)*6.313*1,IF(AE72>32,"",IF(AE72<32,""))) | AO72: B | AP72: =SUM(R72:Y72)+SUM(AN72) -> 107.9352 | AQ72: =SUM(AF72:AM72) -> 0 | AS72: varão em U (abas até à face oposta); recobrimento 5 cm (ES0101 pormenor tipo de sapatas) | AT72: Calculado
K73: AS vd 4Ø12 (cintas perimetrais) | N73: =$C$68 -> 4 | O73: 4 | P73: 12 | Q73: =2*($D$68+$E$68)-8*0.05 -> 5.4 | R73: =IF(P73=6,N73*O73*Q73*0.222*1,IF(P73>6,"",IF(P73<6,""))) | S73: =IF(P73=8,N73*O73*Q73*0.395*1,IF(P73>8,"",IF(P73<8,""))) | T73: =IF(P73=10,N73*O73*Q73*0.617*1,IF(P73>10,"",IF(P73<10,""))) | U73: =IF(P73=12,N73*O73*Q73*0.888*1,IF(P73>12,"",IF(P73<12,""))) -> 76.7232 | V73: =IF(P73=16,N73*O73*Q73*1.578*1,IF(P73>16,"",IF(P73<16,""))) | W73: =IF(P73=20,N73*O73*Q73*2.466*1,IF(P73>20,"",IF(P73<20,""))) | X73: =IF(P73=25,N73*O73*Q73*3.853*1,IF(P73>25,"",IF(P73<25,""))) | Y73: =IF(P73=32,N73*O73*Q73*6.313*1,IF(P73>32,"",IF(P73<32,""))) | AA73: =IF(AC73>0,N73,"") -> 4 | AB73: =IF(AC73>0,O73,"") -> 4 | AC73: 1 | AD73: 50 | AE73: =IF(AC73>0,P73,"") -> 12 | AF73: =IF(AE73=6,AA73*AB73*AC73*AD73*(AE73/1000)*0.222*1,IF(AE73>6,"",IF(AE73<6,""))) | AG73: =IF(AE73=8,AA73*AB73*AC73*AD73*(AE73/1000)*0.395*1,IF(AE73>8,"",IF(AE73<8,""))) | AH73: =IF(AE73=10,AA73*AB73*AC73*AD73*(AE73/1000)*0.617*1,IF(AE73>10,"",IF(AE73<10,""))) | AI73: =IF(AE73=12,AA73*AB73*AC73*AD73*(AE73/1000)*0.888*1,IF(AE73>12,"",IF(AE73<12,""))) -> 8.5248 | AJ73: =IF(AE73=16,AA73*AB73*AC73*AD73*(AE73/1000)*1.578*1,IF(AE73>16,"",IF(AE73<16,""))) | AK73: =IF(AE73=20,AA73*AB73*AC73*AD73*(AE73/1000)*2.466*1,IF(AE73>20,"",IF(AE73<20,""))) | AL73: =IF(AE73=25,AA73*AB73*AC73*AD73*(AE73/1000)*3.853*1,IF(AE73>25,"",IF(AE73<25,""))) | AM73: =IF(AE73=32,AA73*AB73*AC73*AD73*(AE73/1000)*6.313*1,IF(AE73>32,"",IF(AE73<32,""))) | AO73: B | AP73: =SUM(R73:Y73)+SUM(AN73) -> 76.7232 | AQ73: =SUM(AF73:AM73) -> 8.5248 | AS73: interpretado: ASvd = cintas horizontais no contorno; 1 emenda 50Ø por cinta | AT73: Interpretado
K74: Esperas PB6..PB9 - 6Ø20 | N74: 4 | O74: 6 | P74: 20 | Q74: =MAX(50*20/1000,$F$68-2*0.05+0.15)+50*20/1000 -> 2 | R74: =IF(P74=6,N74*O74*Q74*0.222*1,IF(P74>6,"",IF(P74<6,""))) | S74: =IF(P74=8,N74*O74*Q74*0.395*1,IF(P74>8,"",IF(P74<8,""))) | T74: =IF(P74=10,N74*O74*Q74*0.617*1,IF(P74>10,"",IF(P74<10,""))) | U74: =IF(P74=12,N74*O74*Q74*0.888*1,IF(P74>12,"",IF(P74<12,""))) | V74: =IF(P74=16,N74*O74*Q74*1.578*1,IF(P74>16,"",IF(P74<16,""))) | W74: =IF(P74=20,N74*O74*Q74*2.466*1,IF(P74>20,"",IF(P74<20,""))) -> 118.368 | X74: =IF(P74=25,N74*O74*Q74*3.853*1,IF(P74>25,"",IF(P74<25,""))) | Y74: =IF(P74=32,N74*O74*Q74*6.313*1,IF(P74>32,"",IF(P74<32,""))) | AA74: =IF(AC74>0,N74,"") | AB74: =IF(AC74>0,O74,"") | AE74: =IF(AC74>0,P74,"") | AF74: =IF(AE74=6,AA74*AB74*AC74*AD74*(AE74/1000)*0.222*1,IF(AE74>6,"",IF(AE74<6,""))) | AG74: =IF(AE74=8,AA74*AB74*AC74*AD74*(AE74/1000)*0.395*1,IF(AE74>8,"",IF(AE74<8,""))) | AH74: =IF(AE74=10,AA74*AB74*AC74*AD74*(AE74/1000)*0.617*1,IF(AE74>10,"",IF(AE74<10,""))) | AI74: =IF(AE74=12,AA74*AB74*AC74*AD74*(AE74/1000)*0.888*1,IF(AE74>12,"",IF(AE74<12,""))) | AJ74: =IF(AE74=16,AA74*AB74*AC74*AD74*(AE74/1000)*1.578*1,IF(AE74>16,"",IF(AE74<16,""))) | AK74: =IF(AE74=20,AA74*AB74*AC74*AD74*(AE74/1000)*2.466*1,IF(AE74>20,"",IF(AE74<20,""))) | AL74: =IF(AE74=25,AA74*AB74*AC74*AD74*(AE74/1000)*3.853*1,IF(AE74>25,"",IF(AE74<25,""))) | AM74: =IF(AE74=32,AA74*AB74*AC74*AD74*(AE74/1000)*6.313*1,IF(AE74>32,"",IF(AE74<32,""))) | AO74: B | AP74: =SUM(R74:Y74)+SUM(AN74) -> 118.368 | AQ74: =SUM(AF74:AM74) -> 0 | AS74: amarração 50Ø na sapata + sobreposição 50Ø acima do topo (ES0101 pormenor tipo; notas emendas) | AT74: Interpretado
B76: ZONA C - SAPATAS ISOLADAS
B77: S2 (PC2, PC4, PC5, PC7) | C77: 4 | D77: 1.7 | E77: 2.2 | F77: 0.6 | G77: =C77*D77*E77*F77 -> 8.976 | I77: =2*(D77+E77)*F77*C77 -> 18.72 | R77: =IF(P77=6,N77*O77*Q77*0.222*1,IF(P77>6,"",IF(P77<6,""))) | S77: =IF(P77=8,N77*O77*Q77*0.395*1,IF(P77>8,"",IF(P77<8,""))) | T77: =IF(P77=10,N77*O77*Q77*0.617*1,IF(P77>10,"",IF(P77<10,""))) | U77: =IF(P77=12,N77*O77*Q77*0.888*1,IF(P77>12,"",IF(P77<12,""))) | V77: =IF(P77=16,N77*O77*Q77*1.578*1,IF(P77>16,"",IF(P77<16,""))) | W77: =IF(P77=20,N77*O77*Q77*2.466*1,IF(P77>20,"",IF(P77<20,""))) | X77: =IF(P77=25,N77*O77*Q77*3.853*1,IF(P77>25,"",IF(P77<25,""))) | Y77: =IF(P77=32,N77*O77*Q77*6.313*1,IF(P77>32,"",IF(P77<32,""))) | AA77: =IF(AC77>0,N77,"") | AB77: =IF(AC77>0,O77,"") | AE77: =IF(AC77>0,P77,"") | AF77: =IF(AE77=6,AA77*AB77*AC77*AD77*(AE77/1000)*0.222*1,IF(AE77>6,"",IF(AE77<6,""))) | AG77: =IF(AE77=8,AA77*AB77*AC77*AD77*(AE77/1000)*0.395*1,IF(AE77>8,"",IF(AE77<8,""))) | AH77: =IF(AE77=10,AA77*AB77*AC77*AD77*(AE77/1000)*0.617*1,IF(AE77>10,"",IF(AE77<10,""))) | AI77: =IF(AE77=12,AA77*AB77*AC77*AD77*(AE77/1000)*0.888*1,IF(AE77>12,"",IF(AE77<12,""))) | AJ77: =IF(AE77=16,AA77*AB77*AC77*AD77*(AE77/1000)*1.578*1,IF(AE77>16,"",IF(AE77<16,""))) | AK77: =IF(AE77=20,AA77*AB77*AC77*AD77*(AE77/1000)*2.466*1,IF(AE77>20,"",IF(AE77<20,""))) | AL77: =IF(AE77=25,AA77*AB77*AC77*AD77*(AE77/1000)*3.853*1,IF(AE77>25,"",IF(AE77<25,""))) | AM77: =IF(AE77=32,AA77*AB77*AC77*AD77*(AE77/1000)*6.313*1,IF(AE77>32,"",IF(AE77<32,""))) | AO77: C | AP77: =SUM(R77:Y77)+SUM(AN77) -> 0 | AQ77: =SUM(AF77:AM77) -> 0 | AR77: 8.976 | AS77: ES0301 quadro sapatas Zona C; Revit 4 un. | AT77: Extraído
K78: AS inf xx Ø12//0.20 | L78: =$E$77-2*0.05 -> 2.1 | M78: 0.2 | N78: =$C$77 -> 4 | O78: =CEILING(L78/M78,1)+1 -> 12 | P78: 12 | Q78: =$D$77-2*0.05+2*($F$77-2*0.05) -> 2.6 | R78: =IF(P78=6,N78*O78*Q78*0.222*1,IF(P78>6,"",IF(P78<6,""))) | S78: =IF(P78=8,N78*O78*Q78*0.395*1,IF(P78>8,"",IF(P78<8,""))) | T78: =IF(P78=10,N78*O78*Q78*0.617*1,IF(P78>10,"",IF(P78<10,""))) | U78: =IF(P78=12,N78*O78*Q78*0.888*1,IF(P78>12,"",IF(P78<12,""))) -> 110.8224 | V78: =IF(P78=16,N78*O78*Q78*1.578*1,IF(P78>16,"",IF(P78<16,""))) | W78: =IF(P78=20,N78*O78*Q78*2.466*1,IF(P78>20,"",IF(P78<20,""))) | X78: =IF(P78=25,N78*O78*Q78*3.853*1,IF(P78>25,"",IF(P78<25,""))) | Y78: =IF(P78=32,N78*O78*Q78*6.313*1,IF(P78>32,"",IF(P78<32,""))) | AA78: =IF(AC78>0,N78,"") | AB78: =IF(AC78>0,O78,"") | AE78: =IF(AC78>0,P78,"") | AF78: =IF(AE78=6,AA78*AB78*AC78*AD78*(AE78/1000)*0.222*1,IF(AE78>6,"",IF(AE78<6,""))) | AG78: =IF(AE78=8,AA78*AB78*AC78*AD78*(AE78/1000)*0.395*1,IF(AE78>8,"",IF(AE78<8,""))) | AH78: =IF(AE78=10,AA78*AB78*AC78*AD78*(AE78/1000)*0.617*1,IF(AE78>10,"",IF(AE78<10,""))) | AI78: =IF(AE78=12,AA78*AB78*AC78*AD78*(AE78/1000)*0.888*1,IF(AE78>12,"",IF(AE78<12,""))) | AJ78: =IF(AE78=16,AA78*AB78*AC78*AD78*(AE78/1000)*1.578*1,IF(AE78>16,"",IF(AE78<16,""))) | AK78: =IF(AE78=20,AA78*AB78*AC78*AD78*(AE78/1000)*2.466*1,IF(AE78>20,"",IF(AE78<20,""))) | AL78: =IF(AE78=25,AA78*AB78*AC78*AD78*(AE78/1000)*3.853*1,IF(AE78>25,"",IF(AE78<25,""))) | AM78: =IF(AE78=32,AA78*AB78*AC78*AD78*(AE78/1000)*6.313*1,IF(AE78>32,"",IF(AE78<32,""))) | AO78: C | AP78: =SUM(R78:Y78)+SUM(AN78) -> 110.8224 | AQ78: =SUM(AF78:AM78) -> 0 | AS78: varão em U (abas até à face oposta); recobrimento 5 cm (ES0101 pormenor tipo de sapatas) | AT78: Calculado
K79: AS inf yy Ø12//0.20 | L79: =$D$77-2*0.05 -> 1.6 | M79: 0.2 | N79: =$C$77 -> 4 | O79: =CEILING(L79/M79,1)+1 -> 9 | P79: 12 | Q79: =$E$77-2*0.05+2*($F$77-2*0.05) -> 3.1 | R79: =IF(P79=6,N79*O79*Q79*0.222*1,IF(P79>6,"",IF(P79<6,""))) | S79: =IF(P79=8,N79*O79*Q79*0.395*1,IF(P79>8,"",IF(P79<8,""))) | T79: =IF(P79=10,N79*O79*Q79*0.617*1,IF(P79>10,"",IF(P79<10,""))) | U79: =IF(P79=12,N79*O79*Q79*0.888*1,IF(P79>12,"",IF(P79<12,""))) -> 99.1008 | V79: =IF(P79=16,N79*O79*Q79*1.578*1,IF(P79>16,"",IF(P79<16,""))) | W79: =IF(P79=20,N79*O79*Q79*2.466*1,IF(P79>20,"",IF(P79<20,""))) | X79: =IF(P79=25,N79*O79*Q79*3.853*1,IF(P79>25,"",IF(P79<25,""))) | Y79: =IF(P79=32,N79*O79*Q79*6.313*1,IF(P79>32,"",IF(P79<32,""))) | AA79: =IF(AC79>0,N79,"") | AB79: =IF(AC79>0,O79,"") | AE79: =IF(AC79>0,P79,"") | AF79: =IF(AE79=6,AA79*AB79*AC79*AD79*(AE79/1000)*0.222*1,IF(AE79>6,"",IF(AE79<6,""))) | AG79: =IF(AE79=8,AA79*AB79*AC79*AD79*(AE79/1000)*0.395*1,IF(AE79>8,"",IF(AE79<8,""))) | AH79: =IF(AE79=10,AA79*AB79*AC79*AD79*(AE79/1000)*0.617*1,IF(AE79>10,"",IF(AE79<10,""))) | AI79: =IF(AE79=12,AA79*AB79*AC79*AD79*(AE79/1000)*0.888*1,IF(AE79>12,"",IF(AE79<12,""))) | AJ79: =IF(AE79=16,AA79*AB79*AC79*AD79*(AE79/1000)*1.578*1,IF(AE79>16,"",IF(AE79<16,""))) | AK79: =IF(AE79=20,AA79*AB79*AC79*AD79*(AE79/1000)*2.466*1,IF(AE79>20,"",IF(AE79<20,""))) | AL79: =IF(AE79=25,AA79*AB79*AC79*AD79*(AE79/1000)*3.853*1,IF(AE79>25,"",IF(AE79<25,""))) | AM79: =IF(AE79=32,AA79*AB79*AC79*AD79*(AE79/1000)*6.313*1,IF(AE79>32,"",IF(AE79<32,""))) | AO79: C | AP79: =SUM(R79:Y79)+SUM(AN79) -> 99.1008 | AQ79: =SUM(AF79:AM79) -> 0 | AS79: varão em U (abas até à face oposta); recobrimento 5 cm (ES0101 pormenor tipo de sapatas) | AT79: Calculado
K80: AS sup xx Ø12//0.20 | L80: =$E$77-2*0.05 -> 2.1 | M80: 0.2 | N80: =$C$77 -> 4 | O80: =CEILING(L80/M80,1)+1 -> 12 | P80: 12 | Q80: =$D$77-2*0.05+2*($F$77-2*0.05) -> 2.6 | R80: =IF(P80=6,N80*O80*Q80*0.222*1,IF(P80>6,"",IF(P80<6,""))) | S80: =IF(P80=8,N80*O80*Q80*0.395*1,IF(P80>8,"",IF(P80<8,""))) | T80: =IF(P80=10,N80*O80*Q80*0.617*1,IF(P80>10,"",IF(P80<10,""))) | U80: =IF(P80=12,N80*O80*Q80*0.888*1,IF(P80>12,"",IF(P80<12,""))) -> 110.8224 | V80: =IF(P80=16,N80*O80*Q80*1.578*1,IF(P80>16,"",IF(P80<16,""))) | W80: =IF(P80=20,N80*O80*Q80*2.466*1,IF(P80>20,"",IF(P80<20,""))) | X80: =IF(P80=25,N80*O80*Q80*3.853*1,IF(P80>25,"",IF(P80<25,""))) | Y80: =IF(P80=32,N80*O80*Q80*6.313*1,IF(P80>32,"",IF(P80<32,""))) | AA80: =IF(AC80>0,N80,"") | AB80: =IF(AC80>0,O80,"") | AE80: =IF(AC80>0,P80,"") | AF80: =IF(AE80=6,AA80*AB80*AC80*AD80*(AE80/1000)*0.222*1,IF(AE80>6,"",IF(AE80<6,""))) | AG80: =IF(AE80=8,AA80*AB80*AC80*AD80*(AE80/1000)*0.395*1,IF(AE80>8,"",IF(AE80<8,""))) | AH80: =IF(AE80=10,AA80*AB80*AC80*AD80*(AE80/1000)*0.617*1,IF(AE80>10,"",IF(AE80<10,""))) | AI80: =IF(AE80=12,AA80*AB80*AC80*AD80*(AE80/1000)*0.888*1,IF(AE80>12,"",IF(AE80<12,""))) | AJ80: =IF(AE80=16,AA80*AB80*AC80*AD80*(AE80/1000)*1.578*1,IF(AE80>16,"",IF(AE80<16,""))) | AK80: =IF(AE80=20,AA80*AB80*AC80*AD80*(AE80/1000)*2.466*1,IF(AE80>20,"",IF(AE80<20,""))) | AL80: =IF(AE80=25,AA80*AB80*AC80*AD80*(AE80/1000)*3.853*1,IF(AE80>25,"",IF(AE80<25,""))) | AM80: =IF(AE80=32,AA80*AB80*AC80*AD80*(AE80/1000)*6.313*1,IF(AE80>32,"",IF(AE80<32,""))) | AO80: C | AP80: =SUM(R80:Y80)+SUM(AN80) -> 110.8224 | AQ80: =SUM(AF80:AM80) -> 0 | AS80: varão em U (abas até à face oposta); recobrimento 5 cm (ES0101 pormenor tipo de sapatas) | AT80: Calculado
K81: AS sup yy Ø12//0.20 | L81: =$D$77-2*0.05 -> 1.6 | M81: 0.2 | N81: =$C$77 -> 4 | O81: =CEILING(L81/M81,1)+1 -> 9 | P81: 12 | Q81: =$E$77-2*0.05+2*($F$77-2*0.05) -> 3.1 | R81: =IF(P81=6,N81*O81*Q81*0.222*1,IF(P81>6,"",IF(P81<6,""))) | S81: =IF(P81=8,N81*O81*Q81*0.395*1,IF(P81>8,"",IF(P81<8,""))) | T81: =IF(P81=10,N81*O81*Q81*0.617*1,IF(P81>10,"",IF(P81<10,""))) | U81: =IF(P81=12,N81*O81*Q81*0.888*1,IF(P81>12,"",IF(P81<12,""))) -> 99.1008 | V81: =IF(P81=16,N81*O81*Q81*1.578*1,IF(P81>16,"",IF(P81<16,""))) | W81: =IF(P81=20,N81*O81*Q81*2.466*1,IF(P81>20,"",IF(P81<20,""))) | X81: =IF(P81=25,N81*O81*Q81*3.853*1,IF(P81>25,"",IF(P81<25,""))) | Y81: =IF(P81=32,N81*O81*Q81*6.313*1,IF(P81>32,"",IF(P81<32,""))) | AA81: =IF(AC81>0,N81,"") | AB81: =IF(AC81>0,O81,"") | AE81: =IF(AC81>0,P81,"") | AF81: =IF(AE81=6,AA81*AB81*AC81*AD81*(AE81/1000)*0.222*1,IF(AE81>6,"",IF(AE81<6,""))) | AG81: =IF(AE81=8,AA81*AB81*AC81*AD81*(AE81/1000)*0.395*1,IF(AE81>8,"",IF(AE81<8,""))) | AH81: =IF(AE81=10,AA81*AB81*AC81*AD81*(AE81/1000)*0.617*1,IF(AE81>10,"",IF(AE81<10,""))) | AI81: =IF(AE81=12,AA81*AB81*AC81*AD81*(AE81/1000)*0.888*1,IF(AE81>12,"",IF(AE81<12,""))) | AJ81: =IF(AE81=16,AA81*AB81*AC81*AD81*(AE81/1000)*1.578*1,IF(AE81>16,"",IF(AE81<16,""))) | AK81: =IF(AE81=20,AA81*AB81*AC81*AD81*(AE81/1000)*2.466*1,IF(AE81>20,"",IF(AE81<20,""))) | AL81: =IF(AE81=25,AA81*AB81*AC81*AD81*(AE81/1000)*3.853*1,IF(AE81>25,"",IF(AE81<25,""))) | AM81: =IF(AE81=32,AA81*AB81*AC81*AD81*(AE81/1000)*6.313*1,IF(AE81>32,"",IF(AE81<32,""))) | AO81: C | AP81: =SUM(R81:Y81)+SUM(AN81) -> 99.1008 | AQ81: =SUM(AF81:AM81) -> 0 | AS81: varão em U (abas até à face oposta); recobrimento 5 cm (ES0101 pormenor tipo de sapatas) | AT81: Calculado
K82: AS vd 5Ø12 (cintas perimetrais) | N82: =$C$77 -> 4 | O82: 5 | P82: 12 | Q82: =2*($D$77+$E$77)-8*0.05 -> 7.4 | R82: =IF(P82=6,N82*O82*Q82*0.222*1,IF(P82>6,"",IF(P82<6,""))) | S82: =IF(P82=8,N82*O82*Q82*0.395*1,IF(P82>8,"",IF(P82<8,""))) | T82: =IF(P82=10,N82*O82*Q82*0.617*1,IF(P82>10,"",IF(P82<10,""))) | U82: =IF(P82=12,N82*O82*Q82*0.888*1,IF(P82>12,"",IF(P82<12,""))) -> 131.424 | V82: =IF(P82=16,N82*O82*Q82*1.578*1,IF(P82>16,"",IF(P82<16,""))) | W82: =IF(P82=20,N82*O82*Q82*2.466*1,IF(P82>20,"",IF(P82<20,""))) | X82: =IF(P82=25,N82*O82*Q82*3.853*1,IF(P82>25,"",IF(P82<25,""))) | Y82: =IF(P82=32,N82*O82*Q82*6.313*1,IF(P82>32,"",IF(P82<32,""))) | AA82: =IF(AC82>0,N82,"") -> 4 | AB82: =IF(AC82>0,O82,"") -> 5 | AC82: 1 | AD82: 50 | AE82: =IF(AC82>0,P82,"") -> 12 | AF82: =IF(AE82=6,AA82*AB82*AC82*AD82*(AE82/1000)*0.222*1,IF(AE82>6,"",IF(AE82<6,""))) | AG82: =IF(AE82=8,AA82*AB82*AC82*AD82*(AE82/1000)*0.395*1,IF(AE82>8,"",IF(AE82<8,""))) | AH82: =IF(AE82=10,AA82*AB82*AC82*AD82*(AE82/1000)*0.617*1,IF(AE82>10,"",IF(AE82<10,""))) | AI82: =IF(AE82=12,AA82*AB82*AC82*AD82*(AE82/1000)*0.888*1,IF(AE82>12,"",IF(AE82<12,""))) -> 10.656 | AJ82: =IF(AE82=16,AA82*AB82*AC82*AD82*(AE82/1000)*1.578*1,IF(AE82>16,"",IF(AE82<16,""))) | AK82: =IF(AE82=20,AA82*AB82*AC82*AD82*(AE82/1000)*2.466*1,IF(AE82>20,"",IF(AE82<20,""))) | AL82: =IF(AE82=25,AA82*AB82*AC82*AD82*(AE82/1000)*3.853*1,IF(AE82>25,"",IF(AE82<25,""))) | AM82: =IF(AE82=32,AA82*AB82*AC82*AD82*(AE82/1000)*6.313*1,IF(AE82>32,"",IF(AE82<32,""))) | AO82: C | AP82: =SUM(R82:Y82)+SUM(AN82) -> 131.424 | AQ82: =SUM(AF82:AM82) -> 10.656 | AS82: interpretado: ASvd = cintas horizontais no contorno; 1 emenda 50Ø por cinta | AT82: Interpretado
K83: Esperas PC2, PC4, PC5, PC7 - 4Ø20 | N83: 4 | O83: 4 | P83: 20 | Q83: =MAX(50*20/1000,$F$77-2*0.05+0.15)+50*20/1000 -> 2 | R83: =IF(P83=6,N83*O83*Q83*0.222*1,IF(P83>6,"",IF(P83<6,""))) | S83: =IF(P83=8,N83*O83*Q83*0.395*1,IF(P83>8,"",IF(P83<8,""))) | T83: =IF(P83=10,N83*O83*Q83*0.617*1,IF(P83>10,"",IF(P83<10,""))) | U83: =IF(P83=12,N83*O83*Q83*0.888*1,IF(P83>12,"",IF(P83<12,""))) | V83: =IF(P83=16,N83*O83*Q83*1.578*1,IF(P83>16,"",IF(P83<16,""))) | W83: =IF(P83=20,N83*O83*Q83*2.466*1,IF(P83>20,"",IF(P83<20,""))) -> 78.912 | X83: =IF(P83=25,N83*O83*Q83*3.853*1,IF(P83>25,"",IF(P83<25,""))) | Y83: =IF(P83=32,N83*O83*Q83*6.313*1,IF(P83>32,"",IF(P83<32,""))) | AA83: =IF(AC83>0,N83,"") | AB83: =IF(AC83>0,O83,"") | AE83: =IF(AC83>0,P83,"") | AF83: =IF(AE83=6,AA83*AB83*AC83*AD83*(AE83/1000)*0.222*1,IF(AE83>6,"",IF(AE83<6,""))) | AG83: =IF(AE83=8,AA83*AB83*AC83*AD83*(AE83/1000)*0.395*1,IF(AE83>8,"",IF(AE83<8,""))) | AH83: =IF(AE83=10,AA83*AB83*AC83*AD83*(AE83/1000)*0.617*1,IF(AE83>10,"",IF(AE83<10,""))) | AI83: =IF(AE83=12,AA83*AB83*AC83*AD83*(AE83/1000)*0.888*1,IF(AE83>12,"",IF(AE83<12,""))) | AJ83: =IF(AE83=16,AA83*AB83*AC83*AD83*(AE83/1000)*1.578*1,IF(AE83>16,"",IF(AE83<16,""))) | AK83: =IF(AE83=20,AA83*AB83*AC83*AD83*(AE83/1000)*2.466*1,IF(AE83>20,"",IF(AE83<20,""))) | AL83: =IF(AE83=25,AA83*AB83*AC83*AD83*(AE83/1000)*3.853*1,IF(AE83>25,"",IF(AE83<25,""))) | AM83: =IF(AE83=32,AA83*AB83*AC83*AD83*(AE83/1000)*6.313*1,IF(AE83>32,"",IF(AE83<32,""))) | AO83: C | AP83: =SUM(R83:Y83)+SUM(AN83) -> 78.912 | AQ83: =SUM(AF83:AM83) -> 0 | AS83: amarração 50Ø na sapata + sobreposição 50Ø acima do topo (ES0101 pormenor tipo; notas emendas) | AT83: Interpretado
K84: Esperas PC2, PC4, PC5, PC7 - 6Ø16 | N84: 4 | O84: 6 | P84: 16 | Q84: =MAX(50*16/1000,$F$77-2*0.05+0.15)+50*16/1000 -> 1.6 | R84: =IF(P84=6,N84*O84*Q84*0.222*1,IF(P84>6,"",IF(P84<6,""))) | S84: =IF(P84=8,N84*O84*Q84*0.395*1,IF(P84>8,"",IF(P84<8,""))) | T84: =IF(P84=10,N84*O84*Q84*0.617*1,IF(P84>10,"",IF(P84<10,""))) | U84: =IF(P84=12,N84*O84*Q84*0.888*1,IF(P84>12,"",IF(P84<12,""))) | V84: =IF(P84=16,N84*O84*Q84*1.578*1,IF(P84>16,"",IF(P84<16,""))) -> 60.5952 | W84: =IF(P84=20,N84*O84*Q84*2.466*1,IF(P84>20,"",IF(P84<20,""))) | X84: =IF(P84=25,N84*O84*Q84*3.853*1,IF(P84>25,"",IF(P84<25,""))) | Y84: =IF(P84=32,N84*O84*Q84*6.313*1,IF(P84>32,"",IF(P84<32,""))) | AA84: =IF(AC84>0,N84,"") | AB84: =IF(AC84>0,O84,"") | AE84: =IF(AC84>0,P84,"") | AF84: =IF(AE84=6,AA84*AB84*AC84*AD84*(AE84/1000)*0.222*1,IF(AE84>6,"",IF(AE84<6,""))) | AG84: =IF(AE84=8,AA84*AB84*AC84*AD84*(AE84/1000)*0.395*1,IF(AE84>8,"",IF(AE84<8,""))) | AH84: =IF(AE84=10,AA84*AB84*AC84*AD84*(AE84/1000)*0.617*1,IF(AE84>10,"",IF(AE84<10,""))) | AI84: =IF(AE84=12,AA84*AB84*AC84*AD84*(AE84/1000)*0.888*1,IF(AE84>12,"",IF(AE84<12,""))) | AJ84: =IF(AE84=16,AA84*AB84*AC84*AD84*(AE84/1000)*1.578*1,IF(AE84>16,"",IF(AE84<16,""))) | AK84: =IF(AE84=20,AA84*AB84*AC84*AD84*(AE84/1000)*2.466*1,IF(AE84>20,"",IF(AE84<20,""))) | AL84: =IF(AE84=25,AA84*AB84*AC84*AD84*(AE84/1000)*3.853*1,IF(AE84>25,"",IF(AE84<25,""))) | AM84: =IF(AE84=32,AA84*AB84*AC84*AD84*(AE84/1000)*6.313*1,IF(AE84>32,"",IF(AE84<32,""))) | AO84: C | AP84: =SUM(R84:Y84)+SUM(AN84) -> 60.5952 | AQ84: =SUM(AF84:AM84) -> 0 | AS84: amarração 50Ø na sapata + sobreposição 50Ø acima do topo (ES0101 pormenor tipo; notas emendas) | AT84: Interpretado
B86: S3 (PC1, PC3, PC6, PC8, PC9, PC10, PC13 + 2 PL1) | C86: 9 | D86: 1.2 | E86: 1.2 | F86: 0.5 | G86: =C86*D86*E86*F86 -> 6.48 | I86: =2*(D86+E86)*F86*C86 -> 21.6 | R86: =IF(P86=6,N86*O86*Q86*0.222*1,IF(P86>6,"",IF(P86<6,""))) | S86: =IF(P86=8,N86*O86*Q86*0.395*1,IF(P86>8,"",IF(P86<8,""))) | T86: =IF(P86=10,N86*O86*Q86*0.617*1,IF(P86>10,"",IF(P86<10,""))) | U86: =IF(P86=12,N86*O86*Q86*0.888*1,IF(P86>12,"",IF(P86<12,""))) | V86: =IF(P86=16,N86*O86*Q86*1.578*1,IF(P86>16,"",IF(P86<16,""))) | W86: =IF(P86=20,N86*O86*Q86*2.466*1,IF(P86>20,"",IF(P86<20,""))) | X86: =IF(P86=25,N86*O86*Q86*3.853*1,IF(P86>25,"",IF(P86<25,""))) | Y86: =IF(P86=32,N86*O86*Q86*6.313*1,IF(P86>32,"",IF(P86<32,""))) | AA86: =IF(AC86>0,N86,"") | AB86: =IF(AC86>0,O86,"") | AE86: =IF(AC86>0,P86,"") | AF86: =IF(AE86=6,AA86*AB86*AC86*AD86*(AE86/1000)*0.222*1,IF(AE86>6,"",IF(AE86<6,""))) | AG86: =IF(AE86=8,AA86*AB86*AC86*AD86*(AE86/1000)*0.395*1,IF(AE86>8,"",IF(AE86<8,""))) | AH86: =IF(AE86=10,AA86*AB86*AC86*AD86*(AE86/1000)*0.617*1,IF(AE86>10,"",IF(AE86<10,""))) | AI86: =IF(AE86=12,AA86*AB86*AC86*AD86*(AE86/1000)*0.888*1,IF(AE86>12,"",IF(AE86<12,""))) | AJ86: =IF(AE86=16,AA86*AB86*AC86*AD86*(AE86/1000)*1.578*1,IF(AE86>16,"",IF(AE86<16,""))) | AK86: =IF(AE86=20,AA86*AB86*AC86*AD86*(AE86/1000)*2.466*1,IF(AE86>20,"",IF(AE86<20,""))) | AL86: =IF(AE86=25,AA86*AB86*AC86*AD86*(AE86/1000)*3.853*1,IF(AE86>25,"",IF(AE86<25,""))) | AM86: =IF(AE86=32,AA86*AB86*AC86*AD86*(AE86/1000)*6.313*1,IF(AE86>32,"",IF(AE86<32,""))) | AO86: C | AP86: =SUM(R86:Y86)+SUM(AN86) -> 0 | AQ86: =SUM(AF86:AM86) -> 0 | AR86: 6.48 | AS86: ES0301 quadro sapatas Zona C; Revit 9 un. (2 sob plintos PL1 em CD) | AT86: Extraído
K87: AS inf xx Ø12//0.20 | L87: =$E$86-2*0.05 -> 1.1 | M87: 0.2 | N87: =$C$86 -> 9 | O87: =CEILING(L87/M87,1)+1 -> 7 | P87: 12 | Q87: =$D$86-2*0.05+2*($F$86-2*0.05) -> 1.9 | R87: =IF(P87=6,N87*O87*Q87*0.222*1,IF(P87>6,"",IF(P87<6,""))) | S87: =IF(P87=8,N87*O87*Q87*0.395*1,IF(P87>8,"",IF(P87<8,""))) | T87: =IF(P87=10,N87*O87*Q87*0.617*1,IF(P87>10,"",IF(P87<10,""))) | U87: =IF(P87=12,N87*O87*Q87*0.888*1,IF(P87>12,"",IF(P87<12,""))) -> 106.2936 | V87: =IF(P87=16,N87*O87*Q87*1.578*1,IF(P87>16,"",IF(P87<16,""))) | W87: =IF(P87=20,N87*O87*Q87*2.466*1,IF(P87>20,"",IF(P87<20,""))) | X87: =IF(P87=25,N87*O87*Q87*3.853*1,IF(P87>25,"",IF(P87<25,""))) | Y87: =IF(P87=32,N87*O87*Q87*6.313*1,IF(P87>32,"",IF(P87<32,""))) | AA87: =IF(AC87>0,N87,"") | AB87: =IF(AC87>0,O87,"") | AE87: =IF(AC87>0,P87,"") | AF87: =IF(AE87=6,AA87*AB87*AC87*AD87*(AE87/1000)*0.222*1,IF(AE87>6,"",IF(AE87<6,""))) | AG87: =IF(AE87=8,AA87*AB87*AC87*AD87*(AE87/1000)*0.395*1,IF(AE87>8,"",IF(AE87<8,""))) | AH87: =IF(AE87=10,AA87*AB87*AC87*AD87*(AE87/1000)*0.617*1,IF(AE87>10,"",IF(AE87<10,""))) | AI87: =IF(AE87=12,AA87*AB87*AC87*AD87*(AE87/1000)*0.888*1,IF(AE87>12,"",IF(AE87<12,""))) | AJ87: =IF(AE87=16,AA87*AB87*AC87*AD87*(AE87/1000)*1.578*1,IF(AE87>16,"",IF(AE87<16,""))) | AK87: =IF(AE87=20,AA87*AB87*AC87*AD87*(AE87/1000)*2.466*1,IF(AE87>20,"",IF(AE87<20,""))) | AL87: =IF(AE87=25,AA87*AB87*AC87*AD87*(AE87/1000)*3.853*1,IF(AE87>25,"",IF(AE87<25,""))) | AM87: =IF(AE87=32,AA87*AB87*AC87*AD87*(AE87/1000)*6.313*1,IF(AE87>32,"",IF(AE87<32,""))) | AO87: C | AP87: =SUM(R87:Y87)+SUM(AN87) -> 106.2936 | AQ87: =SUM(AF87:AM87) -> 0 | AS87: varão em U (abas até à face oposta); recobrimento 5 cm (ES0101 pormenor tipo de sapatas) | AT87: Calculado
K88: AS inf yy Ø12//0.20 | L88: =$D$86-2*0.05 -> 1.1 | M88: 0.2 | N88: =$C$86 -> 9 | O88: =CEILING(L88/M88,1)+1 -> 7 | P88: 12 | Q88: =$E$86-2*0.05+2*($F$86-2*0.05) -> 1.9 | R88: =IF(P88=6,N88*O88*Q88*0.222*1,IF(P88>6,"",IF(P88<6,""))) | S88: =IF(P88=8,N88*O88*Q88*0.395*1,IF(P88>8,"",IF(P88<8,""))) | T88: =IF(P88=10,N88*O88*Q88*0.617*1,IF(P88>10,"",IF(P88<10,""))) | U88: =IF(P88=12,N88*O88*Q88*0.888*1,IF(P88>12,"",IF(P88<12,""))) -> 106.2936 | V88: =IF(P88=16,N88*O88*Q88*1.578*1,IF(P88>16,"",IF(P88<16,""))) | W88: =IF(P88=20,N88*O88*Q88*2.466*1,IF(P88>20,"",IF(P88<20,""))) | X88: =IF(P88=25,N88*O88*Q88*3.853*1,IF(P88>25,"",IF(P88<25,""))) | Y88: =IF(P88=32,N88*O88*Q88*6.313*1,IF(P88>32,"",IF(P88<32,""))) | AA88: =IF(AC88>0,N88,"") | AB88: =IF(AC88>0,O88,"") | AE88: =IF(AC88>0,P88,"") | AF88: =IF(AE88=6,AA88*AB88*AC88*AD88*(AE88/1000)*0.222*1,IF(AE88>6,"",IF(AE88<6,""))) | AG88: =IF(AE88=8,AA88*AB88*AC88*AD88*(AE88/1000)*0.395*1,IF(AE88>8,"",IF(AE88<8,""))) | AH88: =IF(AE88=10,AA88*AB88*AC88*AD88*(AE88/1000)*0.617*1,IF(AE88>10,"",IF(AE88<10,""))) | AI88: =IF(AE88=12,AA88*AB88*AC88*AD88*(AE88/1000)*0.888*1,IF(AE88>12,"",IF(AE88<12,""))) | AJ88: =IF(AE88=16,AA88*AB88*AC88*AD88*(AE88/1000)*1.578*1,IF(AE88>16,"",IF(AE88<16,""))) | AK88: =IF(AE88=20,AA88*AB88*AC88*AD88*(AE88/1000)*2.466*1,IF(AE88>20,"",IF(AE88<20,""))) | AL88: =IF(AE88=25,AA88*AB88*AC88*AD88*(AE88/1000)*3.853*1,IF(AE88>25,"",IF(AE88<25,""))) | AM88: =IF(AE88=32,AA88*AB88*AC88*AD88*(AE88/1000)*6.313*1,IF(AE88>32,"",IF(AE88<32,""))) | AO88: C | AP88: =SUM(R88:Y88)+SUM(AN88) -> 106.2936 | AQ88: =SUM(AF88:AM88) -> 0 | AS88: varão em U (abas até à face oposta); recobrimento 5 cm (ES0101 pormenor tipo de sapatas) | AT88: Calculado
K89: AS sup xx Ø12//0.20 | L89: =$E$86-2*0.05 -> 1.1 | M89: 0.2 | N89: =$C$86 -> 9 | O89: =CEILING(L89/M89,1)+1 -> 7 | P89: 12 | Q89: =$D$86-2*0.05+2*($F$86-2*0.05) -> 1.9 | R89: =IF(P89=6,N89*O89*Q89*0.222*1,IF(P89>6,"",IF(P89<6,""))) | S89: =IF(P89=8,N89*O89*Q89*0.395*1,IF(P89>8,"",IF(P89<8,""))) | T89: =IF(P89=10,N89*O89*Q89*0.617*1,IF(P89>10,"",IF(P89<10,""))) | U89: =IF(P89=12,N89*O89*Q89*0.888*1,IF(P89>12,"",IF(P89<12,""))) -> 106.2936 | V89: =IF(P89=16,N89*O89*Q89*1.578*1,IF(P89>16,"",IF(P89<16,""))) | W89: =IF(P89=20,N89*O89*Q89*2.466*1,IF(P89>20,"",IF(P89<20,""))) | X89: =IF(P89=25,N89*O89*Q89*3.853*1,IF(P89>25,"",IF(P89<25,""))) | Y89: =IF(P89=32,N89*O89*Q89*6.313*1,IF(P89>32,"",IF(P89<32,""))) | AA89: =IF(AC89>0,N89,"") | AB89: =IF(AC89>0,O89,"") | AE89: =IF(AC89>0,P89,"") | AF89: =IF(AE89=6,AA89*AB89*AC89*AD89*(AE89/1000)*0.222*1,IF(AE89>6,"",IF(AE89<6,""))) | AG89: =IF(AE89=8,AA89*AB89*AC89*AD89*(AE89/1000)*0.395*1,IF(AE89>8,"",IF(AE89<8,""))) | AH89: =IF(AE89=10,AA89*AB89*AC89*AD89*(AE89/1000)*0.617*1,IF(AE89>10,"",IF(AE89<10,""))) | AI89: =IF(AE89=12,AA89*AB89*AC89*AD89*(AE89/1000)*0.888*1,IF(AE89>12,"",IF(AE89<12,""))) | AJ89: =IF(AE89=16,AA89*AB89*AC89*AD89*(AE89/1000)*1.578*1,IF(AE89>16,"",IF(AE89<16,""))) | AK89: =IF(AE89=20,AA89*AB89*AC89*AD89*(AE89/1000)*2.466*1,IF(AE89>20,"",IF(AE89<20,""))) | AL89: =IF(AE89=25,AA89*AB89*AC89*AD89*(AE89/1000)*3.853*1,IF(AE89>25,"",IF(AE89<25,""))) | AM89: =IF(AE89=32,AA89*AB89*AC89*AD89*(AE89/1000)*6.313*1,IF(AE89>32,"",IF(AE89<32,""))) | AO89: C | AP89: =SUM(R89:Y89)+SUM(AN89) -> 106.2936 | AQ89: =SUM(AF89:AM89) -> 0 | AS89: varão em U (abas até à face oposta); recobrimento 5 cm (ES0101 pormenor tipo de sapatas) | AT89: Calculado
K90: AS sup yy Ø12//0.20 | L90: =$D$86-2*0.05 -> 1.1 | M90: 0.2 | N90: =$C$86 -> 9 | O90: =CEILING(L90/M90,1)+1 -> 7 | P90: 12 | Q90: =$E$86-2*0.05+2*($F$86-2*0.05) -> 1.9 | R90: =IF(P90=6,N90*O90*Q90*0.222*1,IF(P90>6,"",IF(P90<6,""))) | S90: =IF(P90=8,N90*O90*Q90*0.395*1,IF(P90>8,"",IF(P90<8,""))) | T90: =IF(P90=10,N90*O90*Q90*0.617*1,IF(P90>10,"",IF(P90<10,""))) | U90: =IF(P90=12,N90*O90*Q90*0.888*1,IF(P90>12,"",IF(P90<12,""))) -> 106.2936 | V90: =IF(P90=16,N90*O90*Q90*1.578*1,IF(P90>16,"",IF(P90<16,""))) | W90: =IF(P90=20,N90*O90*Q90*2.466*1,IF(P90>20,"",IF(P90<20,""))) | X90: =IF(P90=25,N90*O90*Q90*3.853*1,IF(P90>25,"",IF(P90<25,""))) | Y90: =IF(P90=32,N90*O90*Q90*6.313*1,IF(P90>32,"",IF(P90<32,""))) | AA90: =IF(AC90>0,N90,"") | AB90: =IF(AC90>0,O90,"") | AE90: =IF(AC90>0,P90,"") | AF90: =IF(AE90=6,AA90*AB90*AC90*AD90*(AE90/1000)*0.222*1,IF(AE90>6,"",IF(AE90<6,""))) | AG90: =IF(AE90=8,AA90*AB90*AC90*AD90*(AE90/1000)*0.395*1,IF(AE90>8,"",IF(AE90<8,""))) | AH90: =IF(AE90=10,AA90*AB90*AC90*AD90*(AE90/1000)*0.617*1,IF(AE90>10,"",IF(AE90<10,""))) | AI90: =IF(AE90=12,AA90*AB90*AC90*AD90*(AE90/1000)*0.888*1,IF(AE90>12,"",IF(AE90<12,""))) | AJ90: =IF(AE90=16,AA90*AB90*AC90*AD90*(AE90/1000)*1.578*1,IF(AE90>16,"",IF(AE90<16,""))) | AK90: =IF(AE90=20,AA90*AB90*AC90*AD90*(AE90/1000)*2.466*1,IF(AE90>20,"",IF(AE90<20,""))) | AL90: =IF(AE90=25,AA90*AB90*AC90*AD90*(AE90/1000)*3.853*1,IF(AE90>25,"",IF(AE90<25,""))) | AM90: =IF(AE90=32,AA90*AB90*AC90*AD90*(AE90/1000)*6.313*1,IF(AE90>32,"",IF(AE90<32,""))) | AO90: C | AP90: =SUM(R90:Y90)+SUM(AN90) -> 106.2936 | AQ90: =SUM(AF90:AM90) -> 0 | AS90: varão em U (abas até à face oposta); recobrimento 5 cm (ES0101 pormenor tipo de sapatas) | AT90: Calculado
K91: AS vd 4Ø12 (cintas perimetrais) | N91: =$C$86 -> 9 | O91: 4 | P91: 12 | Q91: =2*($D$86+$E$86)-8*0.05 -> 4.4 | R91: =IF(P91=6,N91*O91*Q91*0.222*1,IF(P91>6,"",IF(P91<6,""))) | S91: =IF(P91=8,N91*O91*Q91*0.395*1,IF(P91>8,"",IF(P91<8,""))) | T91: =IF(P91=10,N91*O91*Q91*0.617*1,IF(P91>10,"",IF(P91<10,""))) | U91: =IF(P91=12,N91*O91*Q91*0.888*1,IF(P91>12,"",IF(P91<12,""))) -> 140.6592 | V91: =IF(P91=16,N91*O91*Q91*1.578*1,IF(P91>16,"",IF(P91<16,""))) | W91: =IF(P91=20,N91*O91*Q91*2.466*1,IF(P91>20,"",IF(P91<20,""))) | X91: =IF(P91=25,N91*O91*Q91*3.853*1,IF(P91>25,"",IF(P91<25,""))) | Y91: =IF(P91=32,N91*O91*Q91*6.313*1,IF(P91>32,"",IF(P91<32,""))) | AA91: =IF(AC91>0,N91,"") -> 9 | AB91: =IF(AC91>0,O91,"") -> 4 | AC91: 1 | AD91: 50 | AE91: =IF(AC91>0,P91,"") -> 12 | AF91: =IF(AE91=6,AA91*AB91*AC91*AD91*(AE91/1000)*0.222*1,IF(AE91>6,"",IF(AE91<6,""))) | AG91: =IF(AE91=8,AA91*AB91*AC91*AD91*(AE91/1000)*0.395*1,IF(AE91>8,"",IF(AE91<8,""))) | AH91: =IF(AE91=10,AA91*AB91*AC91*AD91*(AE91/1000)*0.617*1,IF(AE91>10,"",IF(AE91<10,""))) | AI91: =IF(AE91=12,AA91*AB91*AC91*AD91*(AE91/1000)*0.888*1,IF(AE91>12,"",IF(AE91<12,""))) -> 19.1808 | AJ91: =IF(AE91=16,AA91*AB91*AC91*AD91*(AE91/1000)*1.578*1,IF(AE91>16,"",IF(AE91<16,""))) | AK91: =IF(AE91=20,AA91*AB91*AC91*AD91*(AE91/1000)*2.466*1,IF(AE91>20,"",IF(AE91<20,""))) | AL91: =IF(AE91=25,AA91*AB91*AC91*AD91*(AE91/1000)*3.853*1,IF(AE91>25,"",IF(AE91<25,""))) | AM91: =IF(AE91=32,AA91*AB91*AC91*AD91*(AE91/1000)*6.313*1,IF(AE91>32,"",IF(AE91<32,""))) | AO91: C | AP91: =SUM(R91:Y91)+SUM(AN91) -> 140.6592 | AQ91: =SUM(AF91:AM91) -> 19.1808 | AS91: interpretado: ASvd = cintas horizontais no contorno; 1 emenda 50Ø por cinta | AT91: Interpretado
K92: Esperas PC1,3,6,8,9,10,13 - 4Ø16 | N92: 7 | O92: 4 | P92: 16 | Q92: =MAX(50*16/1000,$F$86-2*0.05+0.15)+50*16/1000 -> 1.6 | R92: =IF(P92=6,N92*O92*Q92*0.222*1,IF(P92>6,"",IF(P92<6,""))) | S92: =IF(P92=8,N92*O92*Q92*0.395*1,IF(P92>8,"",IF(P92<8,""))) | T92: =IF(P92=10,N92*O92*Q92*0.617*1,IF(P92>10,"",IF(P92<10,""))) | U92: =IF(P92=12,N92*O92*Q92*0.888*1,IF(P92>12,"",IF(P92<12,""))) | V92: =IF(P92=16,N92*O92*Q92*1.578*1,IF(P92>16,"",IF(P92<16,""))) -> 70.6944 | W92: =IF(P92=20,N92*O92*Q92*2.466*1,IF(P92>20,"",IF(P92<20,""))) | X92: =IF(P92=25,N92*O92*Q92*3.853*1,IF(P92>25,"",IF(P92<25,""))) | Y92: =IF(P92=32,N92*O92*Q92*6.313*1,IF(P92>32,"",IF(P92<32,""))) | AA92: =IF(AC92>0,N92,"") | AB92: =IF(AC92>0,O92,"") | AE92: =IF(AC92>0,P92,"") | AF92: =IF(AE92=6,AA92*AB92*AC92*AD92*(AE92/1000)*0.222*1,IF(AE92>6,"",IF(AE92<6,""))) | AG92: =IF(AE92=8,AA92*AB92*AC92*AD92*(AE92/1000)*0.395*1,IF(AE92>8,"",IF(AE92<8,""))) | AH92: =IF(AE92=10,AA92*AB92*AC92*AD92*(AE92/1000)*0.617*1,IF(AE92>10,"",IF(AE92<10,""))) | AI92: =IF(AE92=12,AA92*AB92*AC92*AD92*(AE92/1000)*0.888*1,IF(AE92>12,"",IF(AE92<12,""))) | AJ92: =IF(AE92=16,AA92*AB92*AC92*AD92*(AE92/1000)*1.578*1,IF(AE92>16,"",IF(AE92<16,""))) | AK92: =IF(AE92=20,AA92*AB92*AC92*AD92*(AE92/1000)*2.466*1,IF(AE92>20,"",IF(AE92<20,""))) | AL92: =IF(AE92=25,AA92*AB92*AC92*AD92*(AE92/1000)*3.853*1,IF(AE92>25,"",IF(AE92<25,""))) | AM92: =IF(AE92=32,AA92*AB92*AC92*AD92*(AE92/1000)*6.313*1,IF(AE92>32,"",IF(AE92<32,""))) | AO92: C | AP92: =SUM(R92:Y92)+SUM(AN92) -> 70.6944 | AQ92: =SUM(AF92:AM92) -> 0 | AS92: amarração 50Ø na sapata + sobreposição 50Ø acima do topo (ES0101 pormenor tipo; notas emendas) | AT92: Interpretado
K93: Esperas PC1,3,6,8,9,10,13 - 4Ø12 | N93: 7 | O93: 4 | P93: 12 | Q93: =MAX(50*12/1000,$F$86-2*0.05+0.15)+50*12/1000 -> 1.2 | R93: =IF(P93=6,N93*O93*Q93*0.222*1,IF(P93>6,"",IF(P93<6,""))) | S93: =IF(P93=8,N93*O93*Q93*0.395*1,IF(P93>8,"",IF(P93<8,""))) | T93: =IF(P93=10,N93*O93*Q93*0.617*1,IF(P93>10,"",IF(P93<10,""))) | U93: =IF(P93=12,N93*O93*Q93*0.888*1,IF(P93>12,"",IF(P93<12,""))) -> 29.8368 | V93: =IF(P93=16,N93*O93*Q93*1.578*1,IF(P93>16,"",IF(P93<16,""))) | W93: =IF(P93=20,N93*O93*Q93*2.466*1,IF(P93>20,"",IF(P93<20,""))) | X93: =IF(P93=25,N93*O93*Q93*3.853*1,IF(P93>25,"",IF(P93<25,""))) | Y93: =IF(P93=32,N93*O93*Q93*6.313*1,IF(P93>32,"",IF(P93<32,""))) | AA93: =IF(AC93>0,N93,"") | AB93: =IF(AC93>0,O93,"") | AE93: =IF(AC93>0,P93,"") | AF93: =IF(AE93=6,AA93*AB93*AC93*AD93*(AE93/1000)*0.222*1,IF(AE93>6,"",IF(AE93<6,""))) | AG93: =IF(AE93=8,AA93*AB93*AC93*AD93*(AE93/1000)*0.395*1,IF(AE93>8,"",IF(AE93<8,""))) | AH93: =IF(AE93=10,AA93*AB93*AC93*AD93*(AE93/1000)*0.617*1,IF(AE93>10,"",IF(AE93<10,""))) | AI93: =IF(AE93=12,AA93*AB93*AC93*AD93*(AE93/1000)*0.888*1,IF(AE93>12,"",IF(AE93<12,""))) | AJ93: =IF(AE93=16,AA93*AB93*AC93*AD93*(AE93/1000)*1.578*1,IF(AE93>16,"",IF(AE93<16,""))) | AK93: =IF(AE93=20,AA93*AB93*AC93*AD93*(AE93/1000)*2.466*1,IF(AE93>20,"",IF(AE93<20,""))) | AL93: =IF(AE93=25,AA93*AB93*AC93*AD93*(AE93/1000)*3.853*1,IF(AE93>25,"",IF(AE93<25,""))) | AM93: =IF(AE93=32,AA93*AB93*AC93*AD93*(AE93/1000)*6.313*1,IF(AE93>32,"",IF(AE93<32,""))) | AO93: C | AP93: =SUM(R93:Y93)+SUM(AN93) -> 29.8368 | AQ93: =SUM(AF93:AM93) -> 0 | AS93: amarração 50Ø na sapata + sobreposição 50Ø acima do topo (ES0101 pormenor tipo; notas emendas) | AT93: Interpretado
B95: S4 (PL1 em CE) | C95: 2 | D95: 1.4 | E95: 0.8 | F95: 0.5 | G95: =C95*D95*E95*F95 -> 1.12 | I95: =2*(D95+E95)*F95*C95 -> 4.4 | R95: =IF(P95=6,N95*O95*Q95*0.222*1,IF(P95>6,"",IF(P95<6,""))) | S95: =IF(P95=8,N95*O95*Q95*0.395*1,IF(P95>8,"",IF(P95<8,""))) | T95: =IF(P95=10,N95*O95*Q95*0.617*1,IF(P95>10,"",IF(P95<10,""))) | U95: =IF(P95=12,N95*O95*Q95*0.888*1,IF(P95>12,"",IF(P95<12,""))) | V95: =IF(P95=16,N95*O95*Q95*1.578*1,IF(P95>16,"",IF(P95<16,""))) | W95: =IF(P95=20,N95*O95*Q95*2.466*1,IF(P95>20,"",IF(P95<20,""))) | X95: =IF(P95=25,N95*O95*Q95*3.853*1,IF(P95>25,"",IF(P95<25,""))) | Y95: =IF(P95=32,N95*O95*Q95*6.313*1,IF(P95>32,"",IF(P95<32,""))) | AA95: =IF(AC95>0,N95,"") | AB95: =IF(AC95>0,O95,"") | AE95: =IF(AC95>0,P95,"") | AF95: =IF(AE95=6,AA95*AB95*AC95*AD95*(AE95/1000)*0.222*1,IF(AE95>6,"",IF(AE95<6,""))) | AG95: =IF(AE95=8,AA95*AB95*AC95*AD95*(AE95/1000)*0.395*1,IF(AE95>8,"",IF(AE95<8,""))) | AH95: =IF(AE95=10,AA95*AB95*AC95*AD95*(AE95/1000)*0.617*1,IF(AE95>10,"",IF(AE95<10,""))) | AI95: =IF(AE95=12,AA95*AB95*AC95*AD95*(AE95/1000)*0.888*1,IF(AE95>12,"",IF(AE95<12,""))) | AJ95: =IF(AE95=16,AA95*AB95*AC95*AD95*(AE95/1000)*1.578*1,IF(AE95>16,"",IF(AE95<16,""))) | AK95: =IF(AE95=20,AA95*AB95*AC95*AD95*(AE95/1000)*2.466*1,IF(AE95>20,"",IF(AE95<20,""))) | AL95: =IF(AE95=25,AA95*AB95*AC95*AD95*(AE95/1000)*3.853*1,IF(AE95>25,"",IF(AE95<25,""))) | AM95: =IF(AE95=32,AA95*AB95*AC95*AD95*(AE95/1000)*6.313*1,IF(AE95>32,"",IF(AE95<32,""))) | AO95: C | AP95: =SUM(R95:Y95)+SUM(AN95) -> 0 | AQ95: =SUM(AF95:AM95) -> 0 | AR95: 1.12 | AS95: ES0301 quadro sapatas Zona C; Revit 2 un. | AT95: Extraído
K96: AS inf xx Ø12//0.20 | L96: =$E$95-2*0.05 -> 0.7 | M96: 0.2 | N96: =$C$95 -> 2 | O96: =CEILING(L96/M96,1)+1 -> 5 | P96: 12 | Q96: =$D$95-2*0.05+2*($F$95-2*0.05) -> 2.1 | R96: =IF(P96=6,N96*O96*Q96*0.222*1,IF(P96>6,"",IF(P96<6,""))) | S96: =IF(P96=8,N96*O96*Q96*0.395*1,IF(P96>8,"",IF(P96<8,""))) | T96: =IF(P96=10,N96*O96*Q96*0.617*1,IF(P96>10,"",IF(P96<10,""))) | U96: =IF(P96=12,N96*O96*Q96*0.888*1,IF(P96>12,"",IF(P96<12,""))) -> 18.648 | V96: =IF(P96=16,N96*O96*Q96*1.578*1,IF(P96>16,"",IF(P96<16,""))) | W96: =IF(P96=20,N96*O96*Q96*2.466*1,IF(P96>20,"",IF(P96<20,""))) | X96: =IF(P96=25,N96*O96*Q96*3.853*1,IF(P96>25,"",IF(P96<25,""))) | Y96: =IF(P96=32,N96*O96*Q96*6.313*1,IF(P96>32,"",IF(P96<32,""))) | AA96: =IF(AC96>0,N96,"") | AB96: =IF(AC96>0,O96,"") | AE96: =IF(AC96>0,P96,"") | AF96: =IF(AE96=6,AA96*AB96*AC96*AD96*(AE96/1000)*0.222*1,IF(AE96>6,"",IF(AE96<6,""))) | AG96: =IF(AE96=8,AA96*AB96*AC96*AD96*(AE96/1000)*0.395*1,IF(AE96>8,"",IF(AE96<8,""))) | AH96: =IF(AE96=10,AA96*AB96*AC96*AD96*(AE96/1000)*0.617*1,IF(AE96>10,"",IF(AE96<10,""))) | AI96: =IF(AE96=12,AA96*AB96*AC96*AD96*(AE96/1000)*0.888*1,IF(AE96>12,"",IF(AE96<12,""))) | AJ96: =IF(AE96=16,AA96*AB96*AC96*AD96*(AE96/1000)*1.578*1,IF(AE96>16,"",IF(AE96<16,""))) | AK96: =IF(AE96=20,AA96*AB96*AC96*AD96*(AE96/1000)*2.466*1,IF(AE96>20,"",IF(AE96<20,""))) | AL96: =IF(AE96=25,AA96*AB96*AC96*AD96*(AE96/1000)*3.853*1,IF(AE96>25,"",IF(AE96<25,""))) | AM96: =IF(AE96=32,AA96*AB96*AC96*AD96*(AE96/1000)*6.313*1,IF(AE96>32,"",IF(AE96<32,""))) | AO96: C | AP96: =SUM(R96:Y96)+SUM(AN96) -> 18.648 | AQ96: =SUM(AF96:AM96) -> 0 | AS96: varão em U (abas até à face oposta); recobrimento 5 cm (ES0101 pormenor tipo de sapatas) | AT96: Calculado
K97: AS inf yy Ø12//0.20 | L97: =$D$95-2*0.05 -> 1.3 | M97: 0.2 | N97: =$C$95 -> 2 | O97: =CEILING(L97/M97,1)+1 -> 8 | P97: 12 | Q97: =$E$95-2*0.05+2*($F$95-2*0.05) -> 1.5 | R97: =IF(P97=6,N97*O97*Q97*0.222*1,IF(P97>6,"",IF(P97<6,""))) | S97: =IF(P97=8,N97*O97*Q97*0.395*1,IF(P97>8,"",IF(P97<8,""))) | T97: =IF(P97=10,N97*O97*Q97*0.617*1,IF(P97>10,"",IF(P97<10,""))) | U97: =IF(P97=12,N97*O97*Q97*0.888*1,IF(P97>12,"",IF(P97<12,""))) -> 21.312 | V97: =IF(P97=16,N97*O97*Q97*1.578*1,IF(P97>16,"",IF(P97<16,""))) | W97: =IF(P97=20,N97*O97*Q97*2.466*1,IF(P97>20,"",IF(P97<20,""))) | X97: =IF(P97=25,N97*O97*Q97*3.853*1,IF(P97>25,"",IF(P97<25,""))) | Y97: =IF(P97=32,N97*O97*Q97*6.313*1,IF(P97>32,"",IF(P97<32,""))) | AA97: =IF(AC97>0,N97,"") | AB97: =IF(AC97>0,O97,"") | AE97: =IF(AC97>0,P97,"") | AF97: =IF(AE97=6,AA97*AB97*AC97*AD97*(AE97/1000)*0.222*1,IF(AE97>6,"",IF(AE97<6,""))) | AG97: =IF(AE97=8,AA97*AB97*AC97*AD97*(AE97/1000)*0.395*1,IF(AE97>8,"",IF(AE97<8,""))) | AH97: =IF(AE97=10,AA97*AB97*AC97*AD97*(AE97/1000)*0.617*1,IF(AE97>10,"",IF(AE97<10,""))) | AI97: =IF(AE97=12,AA97*AB97*AC97*AD97*(AE97/1000)*0.888*1,IF(AE97>12,"",IF(AE97<12,""))) | AJ97: =IF(AE97=16,AA97*AB97*AC97*AD97*(AE97/1000)*1.578*1,IF(AE97>16,"",IF(AE97<16,""))) | AK97: =IF(AE97=20,AA97*AB97*AC97*AD97*(AE97/1000)*2.466*1,IF(AE97>20,"",IF(AE97<20,""))) | AL97: =IF(AE97=25,AA97*AB97*AC97*AD97*(AE97/1000)*3.853*1,IF(AE97>25,"",IF(AE97<25,""))) | AM97: =IF(AE97=32,AA97*AB97*AC97*AD97*(AE97/1000)*6.313*1,IF(AE97>32,"",IF(AE97<32,""))) | AO97: C | AP97: =SUM(R97:Y97)+SUM(AN97) -> 21.312 | AQ97: =SUM(AF97:AM97) -> 0 | AS97: varão em U (abas até à face oposta); recobrimento 5 cm (ES0101 pormenor tipo de sapatas) | AT97: Calculado
K98: AS sup xx Ø12//0.20 | L98: =$E$95-2*0.05 -> 0.7 | M98: 0.2 | N98: =$C$95 -> 2 | O98: =CEILING(L98/M98,1)+1 -> 5 | P98: 12 | Q98: =$D$95-2*0.05+2*($F$95-2*0.05) -> 2.1 | R98: =IF(P98=6,N98*O98*Q98*0.222*1,IF(P98>6,"",IF(P98<6,""))) | S98: =IF(P98=8,N98*O98*Q98*0.395*1,IF(P98>8,"",IF(P98<8,""))) | T98: =IF(P98=10,N98*O98*Q98*0.617*1,IF(P98>10,"",IF(P98<10,""))) | U98: =IF(P98=12,N98*O98*Q98*0.888*1,IF(P98>12,"",IF(P98<12,""))) -> 18.648 | V98: =IF(P98=16,N98*O98*Q98*1.578*1,IF(P98>16,"",IF(P98<16,""))) | W98: =IF(P98=20,N98*O98*Q98*2.466*1,IF(P98>20,"",IF(P98<20,""))) | X98: =IF(P98=25,N98*O98*Q98*3.853*1,IF(P98>25,"",IF(P98<25,""))) | Y98: =IF(P98=32,N98*O98*Q98*6.313*1,IF(P98>32,"",IF(P98<32,""))) | AA98: =IF(AC98>0,N98,"") | AB98: =IF(AC98>0,O98,"") | AE98: =IF(AC98>0,P98,"") | AF98: =IF(AE98=6,AA98*AB98*AC98*AD98*(AE98/1000)*0.222*1,IF(AE98>6,"",IF(AE98<6,""))) | AG98: =IF(AE98=8,AA98*AB98*AC98*AD98*(AE98/1000)*0.395*1,IF(AE98>8,"",IF(AE98<8,""))) | AH98: =IF(AE98=10,AA98*AB98*AC98*AD98*(AE98/1000)*0.617*1,IF(AE98>10,"",IF(AE98<10,""))) | AI98: =IF(AE98=12,AA98*AB98*AC98*AD98*(AE98/1000)*0.888*1,IF(AE98>12,"",IF(AE98<12,""))) | AJ98: =IF(AE98=16,AA98*AB98*AC98*AD98*(AE98/1000)*1.578*1,IF(AE98>16,"",IF(AE98<16,""))) | AK98: =IF(AE98=20,AA98*AB98*AC98*AD98*(AE98/1000)*2.466*1,IF(AE98>20,"",IF(AE98<20,""))) | AL98: =IF(AE98=25,AA98*AB98*AC98*AD98*(AE98/1000)*3.853*1,IF(AE98>25,"",IF(AE98<25,""))) | AM98: =IF(AE98=32,AA98*AB98*AC98*AD98*(AE98/1000)*6.313*1,IF(AE98>32,"",IF(AE98<32,""))) | AO98: C | AP98: =SUM(R98:Y98)+SUM(AN98) -> 18.648 | AQ98: =SUM(AF98:AM98) -> 0 | AS98: varão em U (abas até à face oposta); recobrimento 5 cm (ES0101 pormenor tipo de sapatas) | AT98: Calculado
K99: AS sup yy Ø12//0.20 | L99: =$D$95-2*0.05 -> 1.3 | M99: 0.2 | N99: =$C$95 -> 2 | O99: =CEILING(L99/M99,1)+1 -> 8 | P99: 12 | Q99: =$E$95-2*0.05+2*($F$95-2*0.05) -> 1.5 | R99: =IF(P99=6,N99*O99*Q99*0.222*1,IF(P99>6,"",IF(P99<6,""))) | S99: =IF(P99=8,N99*O99*Q99*0.395*1,IF(P99>8,"",IF(P99<8,""))) | T99: =IF(P99=10,N99*O99*Q99*0.617*1,IF(P99>10,"",IF(P99<10,""))) | U99: =IF(P99=12,N99*O99*Q99*0.888*1,IF(P99>12,"",IF(P99<12,""))) -> 21.312 | V99: =IF(P99=16,N99*O99*Q99*1.578*1,IF(P99>16,"",IF(P99<16,""))) | W99: =IF(P99=20,N99*O99*Q99*2.466*1,IF(P99>20,"",IF(P99<20,""))) | X99: =IF(P99=25,N99*O99*Q99*3.853*1,IF(P99>25,"",IF(P99<25,""))) | Y99: =IF(P99=32,N99*O99*Q99*6.313*1,IF(P99>32,"",IF(P99<32,""))) | AA99: =IF(AC99>0,N99,"") | AB99: =IF(AC99>0,O99,"") | AE99: =IF(AC99>0,P99,"") | AF99: =IF(AE99=6,AA99*AB99*AC99*AD99*(AE99/1000)*0.222*1,IF(AE99>6,"",IF(AE99<6,""))) | AG99: =IF(AE99=8,AA99*AB99*AC99*AD99*(AE99/1000)*0.395*1,IF(AE99>8,"",IF(AE99<8,""))) | AH99: =IF(AE99=10,AA99*AB99*AC99*AD99*(AE99/1000)*0.617*1,IF(AE99>10,"",IF(AE99<10,""))) | AI99: =IF(AE99=12,AA99*AB99*AC99*AD99*(AE99/1000)*0.888*1,IF(AE99>12,"",IF(AE99<12,""))) | AJ99: =IF(AE99=16,AA99*AB99*AC99*AD99*(AE99/1000)*1.578*1,IF(AE99>16,"",IF(AE99<16,""))) | AK99: =IF(AE99=20,AA99*AB99*AC99*AD99*(AE99/1000)*2.466*1,IF(AE99>20,"",IF(AE99<20,""))) | AL99: =IF(AE99=25,AA99*AB99*AC99*AD99*(AE99/1000)*3.853*1,IF(AE99>25,"",IF(AE99<25,""))) | AM99: =IF(AE99=32,AA99*AB99*AC99*AD99*(AE99/1000)*6.313*1,IF(AE99>32,"",IF(AE99<32,""))) | AO99: C | AP99: =SUM(R99:Y99)+SUM(AN99) -> 21.312 | AQ99: =SUM(AF99:AM99) -> 0 | AS99: varão em U (abas até à face oposta); recobrimento 5 cm (ES0101 pormenor tipo de sapatas) | AT99: Calculado
K100: AS vd 5Ø12 (cintas perimetrais) | N100: =$C$95 -> 2 | O100: 5 | P100: 12 | Q100: =2*($D$95+$E$95)-8*0.05 -> 4 | R100: =IF(P100=6,N100*O100*Q100*0.222*1,IF(P100>6,"",IF(P100<6,""))) | S100: =IF(P100=8,N100*O100*Q100*0.395*1,IF(P100>8,"",IF(P100<8,""))) | T100: =IF(P100=10,N100*O100*Q100*0.617*1,IF(P100>10,"",IF(P100<10,""))) | U100: =IF(P100=12,N100*O100*Q100*0.888*1,IF(P100>12,"",IF(P100<12,""))) -> 35.52 | V100: =IF(P100=16,N100*O100*Q100*1.578*1,IF(P100>16,"",IF(P100<16,""))) | W100: =IF(P100=20,N100*O100*Q100*2.466*1,IF(P100>20,"",IF(P100<20,""))) | X100: =IF(P100=25,N100*O100*Q100*3.853*1,IF(P100>25,"",IF(P100<25,""))) | Y100: =IF(P100=32,N100*O100*Q100*6.313*1,IF(P100>32,"",IF(P100<32,""))) | AA100: =IF(AC100>0,N100,"") -> 2 | AB100: =IF(AC100>0,O100,"") -> 5 | AC100: 1 | AD100: 50 | AE100: =IF(AC100>0,P100,"") -> 12 | AF100: =IF(AE100=6,AA100*AB100*AC100*AD100*(AE100/1000)*0.222*1,IF(AE100>6,"",IF(AE100<6,""))) | AG100: =IF(AE100=8,AA100*AB100*AC100*AD100*(AE100/1000)*0.395*1,IF(AE100>8,"",IF(AE100<8,""))) | AH100: =IF(AE100=10,AA100*AB100*AC100*AD100*(AE100/1000)*0.617*1,IF(AE100>10,"",IF(AE100<10,""))) | AI100: =IF(AE100=12,AA100*AB100*AC100*AD100*(AE100/1000)*0.888*1,IF(AE100>12,"",IF(AE100<12,""))) -> 5.328 | AJ100: =IF(AE100=16,AA100*AB100*AC100*AD100*(AE100/1000)*1.578*1,IF(AE100>16,"",IF(AE100<16,""))) | AK100: =IF(AE100=20,AA100*AB100*AC100*AD100*(AE100/1000)*2.466*1,IF(AE100>20,"",IF(AE100<20,""))) | AL100: =IF(AE100=25,AA100*AB100*AC100*AD100*(AE100/1000)*3.853*1,IF(AE100>25,"",IF(AE100<25,""))) | AM100: =IF(AE100=32,AA100*AB100*AC100*AD100*(AE100/1000)*6.313*1,IF(AE100>32,"",IF(AE100<32,""))) | AO100: C | AP100: =SUM(R100:Y100)+SUM(AN100) -> 35.52 | AQ100: =SUM(AF100:AM100) -> 5.328 | AS100: interpretado: ASvd = cintas horizontais no contorno; 1 emenda 50Ø por cinta | AT100: Interpretado
B102: ZONA D (varanda - SE1) - SAPATAS ISOLADAS
B103: SE1 (PE1) | C103: 1 | D103: 1.1 | E103: 1.1 | F103: 0.5 | G103: =C103*D103*E103*F103 -> 0.605 | I103: =2*(D103+E103)*F103*C103 -> 2.2 | R103: =IF(P103=6,N103*O103*Q103*0.222*1,IF(P103>6,"",IF(P103<6,""))) | S103: =IF(P103=8,N103*O103*Q103*0.395*1,IF(P103>8,"",IF(P103<8,""))) | T103: =IF(P103=10,N103*O103*Q103*0.617*1,IF(P103>10,"",IF(P103<10,""))) | U103: =IF(P103=12,N103*O103*Q103*0.888*1,IF(P103>12,"",IF(P103<12,""))) | V103: =IF(P103=16,N103*O103*Q103*1.578*1,IF(P103>16,"",IF(P103<16,""))) | W103: =IF(P103=20,N103*O103*Q103*2.466*1,IF(P103>20,"",IF(P103<20,""))) | X103: =IF(P103=25,N103*O103*Q103*3.853*1,IF(P103>25,"",IF(P103<25,""))) | Y103: =IF(P103=32,N103*O103*Q103*6.313*1,IF(P103>32,"",IF(P103<32,""))) | AA103: =IF(AC103>0,N103,"") | AB103: =IF(AC103>0,O103,"") | AE103: =IF(AC103>0,P103,"") | AF103: =IF(AE103=6,AA103*AB103*AC103*AD103*(AE103/1000)*0.222*1,IF(AE103>6,"",IF(AE103<6,""))) | AG103: =IF(AE103=8,AA103*AB103*AC103*AD103*(AE103/1000)*0.395*1,IF(AE103>8,"",IF(AE103<8,""))) | AH103: =IF(AE103=10,AA103*AB103*AC103*AD103*(AE103/1000)*0.617*1,IF(AE103>10,"",IF(AE103<10,""))) | AI103: =IF(AE103=12,AA103*AB103*AC103*AD103*(AE103/1000)*0.888*1,IF(AE103>12,"",IF(AE103<12,""))) | AJ103: =IF(AE103=16,AA103*AB103*AC103*AD103*(AE103/1000)*1.578*1,IF(AE103>16,"",IF(AE103<16,""))) | AK103: =IF(AE103=20,AA103*AB103*AC103*AD103*(AE103/1000)*2.466*1,IF(AE103>20,"",IF(AE103<20,""))) | AL103: =IF(AE103=25,AA103*AB103*AC103*AD103*(AE103/1000)*3.853*1,IF(AE103>25,"",IF(AE103<25,""))) | AM103: =IF(AE103=32,AA103*AB103*AC103*AD103*(AE103/1000)*6.313*1,IF(AE103>32,"",IF(AE103<32,""))) | AO103: D | AP103: =SUM(R103:Y103)+SUM(AN103) -> 0 | AQ103: =SUM(AF103:AM103) -> 0 | AR103: 0.605 | AS103: ES0401 "Zona E - Pormenor de fundação" Ø12//0.15 (MQT classifica em Zona D); Revit 1221753 | AT103: Extraído
K104: AS inf xx Ø12//0.15 | L104: =$E$103-2*0.05 -> 1 | M104: 0.15 | N104: =$C$103 -> 1 | O104: =CEILING(L104/M104,1)+1 -> 8 | P104: 12 | Q104: =$D$103-2*0.05+2*($F$103-2*0.05) -> 1.8 | R104: =IF(P104=6,N104*O104*Q104*0.222*1,IF(P104>6,"",IF(P104<6,""))) | S104: =IF(P104=8,N104*O104*Q104*0.395*1,IF(P104>8,"",IF(P104<8,""))) | T104: =IF(P104=10,N104*O104*Q104*0.617*1,IF(P104>10,"",IF(P104<10,""))) | U104: =IF(P104=12,N104*O104*Q104*0.888*1,IF(P104>12,"",IF(P104<12,""))) -> 12.7872 | V104: =IF(P104=16,N104*O104*Q104*1.578*1,IF(P104>16,"",IF(P104<16,""))) | W104: =IF(P104=20,N104*O104*Q104*2.466*1,IF(P104>20,"",IF(P104<20,""))) | X104: =IF(P104=25,N104*O104*Q104*3.853*1,IF(P104>25,"",IF(P104<25,""))) | Y104: =IF(P104=32,N104*O104*Q104*6.313*1,IF(P104>32,"",IF(P104<32,""))) | AA104: =IF(AC104>0,N104,"") | AB104: =IF(AC104>0,O104,"") | AE104: =IF(AC104>0,P104,"") | AF104: =IF(AE104=6,AA104*AB104*AC104*AD104*(AE104/1000)*0.222*1,IF(AE104>6,"",IF(AE104<6,""))) | AG104: =IF(AE104=8,AA104*AB104*AC104*AD104*(AE104/1000)*0.395*1,IF(AE104>8,"",IF(AE104<8,""))) | AH104: =IF(AE104=10,AA104*AB104*AC104*AD104*(AE104/1000)*0.617*1,IF(AE104>10,"",IF(AE104<10,""))) | AI104: =IF(AE104=12,AA104*AB104*AC104*AD104*(AE104/1000)*0.888*1,IF(AE104>12,"",IF(AE104<12,""))) | AJ104: =IF(AE104=16,AA104*AB104*AC104*AD104*(AE104/1000)*1.578*1,IF(AE104>16,"",IF(AE104<16,""))) | AK104: =IF(AE104=20,AA104*AB104*AC104*AD104*(AE104/1000)*2.466*1,IF(AE104>20,"",IF(AE104<20,""))) | AL104: =IF(AE104=25,AA104*AB104*AC104*AD104*(AE104/1000)*3.853*1,IF(AE104>25,"",IF(AE104<25,""))) | AM104: =IF(AE104=32,AA104*AB104*AC104*AD104*(AE104/1000)*6.313*1,IF(AE104>32,"",IF(AE104<32,""))) | AO104: D | AP104: =SUM(R104:Y104)+SUM(AN104) -> 12.7872 | AQ104: =SUM(AF104:AM104) -> 0 | AS104: varão em U (abas até à face oposta); recobrimento 5 cm (ES0101 pormenor tipo de sapatas) | AT104: Calculado
K105: AS inf yy Ø12//0.15 | L105: =$D$103-2*0.05 -> 1 | M105: 0.15 | N105: =$C$103 -> 1 | O105: =CEILING(L105/M105,1)+1 -> 8 | P105: 12 | Q105: =$E$103-2*0.05+2*($F$103-2*0.05) -> 1.8 | R105: =IF(P105=6,N105*O105*Q105*0.222*1,IF(P105>6,"",IF(P105<6,""))) | S105: =IF(P105=8,N105*O105*Q105*0.395*1,IF(P105>8,"",IF(P105<8,""))) | T105: =IF(P105=10,N105*O105*Q105*0.617*1,IF(P105>10,"",IF(P105<10,""))) | U105: =IF(P105=12,N105*O105*Q105*0.888*1,IF(P105>12,"",IF(P105<12,""))) -> 12.7872 | V105: =IF(P105=16,N105*O105*Q105*1.578*1,IF(P105>16,"",IF(P105<16,""))) | W105: =IF(P105=20,N105*O105*Q105*2.466*1,IF(P105>20,"",IF(P105<20,""))) | X105: =IF(P105=25,N105*O105*Q105*3.853*1,IF(P105>25,"",IF(P105<25,""))) | Y105: =IF(P105=32,N105*O105*Q105*6.313*1,IF(P105>32,"",IF(P105<32,""))) | AA105: =IF(AC105>0,N105,"") | AB105: =IF(AC105>0,O105,"") | AE105: =IF(AC105>0,P105,"") | AF105: =IF(AE105=6,AA105*AB105*AC105*AD105*(AE105/1000)*0.222*1,IF(AE105>6,"",IF(AE105<6,""))) | AG105: =IF(AE105=8,AA105*AB105*AC105*AD105*(AE105/1000)*0.395*1,IF(AE105>8,"",IF(AE105<8,""))) | AH105: =IF(AE105=10,AA105*AB105*AC105*AD105*(AE105/1000)*0.617*1,IF(AE105>10,"",IF(AE105<10,""))) | AI105: =IF(AE105=12,AA105*AB105*AC105*AD105*(AE105/1000)*0.888*1,IF(AE105>12,"",IF(AE105<12,""))) | AJ105: =IF(AE105=16,AA105*AB105*AC105*AD105*(AE105/1000)*1.578*1,IF(AE105>16,"",IF(AE105<16,""))) | AK105: =IF(AE105=20,AA105*AB105*AC105*AD105*(AE105/1000)*2.466*1,IF(AE105>20,"",IF(AE105<20,""))) | AL105: =IF(AE105=25,AA105*AB105*AC105*AD105*(AE105/1000)*3.853*1,IF(AE105>25,"",IF(AE105<25,""))) | AM105: =IF(AE105=32,AA105*AB105*AC105*AD105*(AE105/1000)*6.313*1,IF(AE105>32,"",IF(AE105<32,""))) | AO105: D | AP105: =SUM(R105:Y105)+SUM(AN105) -> 12.7872 | AQ105: =SUM(AF105:AM105) -> 0 | AS105: varão em U (abas até à face oposta); recobrimento 5 cm (ES0101 pormenor tipo de sapatas) | AT105: Calculado
